date,min,media,max
2019-01-01,57.0,159.208,284.0
2019-01-02,-14.0,-11.583,-5.0
2019-01-03,-14.0,4.292,138.0
2019-01-04,75.0,181.792,283.0
2019-01-05,11.0,167.792,283.0
2019-01-06,8.0,139.375,285.0
2019-01-07,-8.0,60.083,288.0
2019-01-08,-5.0,0.0,3.0
2019-01-09,-8.0,-6.75,-5.0
2019-01-10,-11.0,-8.333,-7.0
2019-01-11,-9.0,-7.458,-5.0
2019-01-12,-5.0,-3.125,-1.0
2019-01-13,-1.0,4.417,9.0
2019-01-14,4.0,8.667,26.0
2019-01-15,6.0,33.0,103.0
2019-01-16,-7.0,59.042,248.0
2019-01-17,-13.0,-9.478,-6.0
2019-01-18,-12.0,-11.292,-10.0
2019-01-19,-11.0,13.792,252.0
2019-01-20,61.0,109.304,277.0
2019-01-21,22.0,132.042,259.0
2019-01-22,58.0,129.542,280.0
2019-01-23,68.0,197.417,280.0
2019-01-24,25.0,130.083,275.0
2019-01-25,43.0,103.333,276.0
2019-01-26,43.0,104.125,264.0
2019-01-27,71.0,99.0,184.0
2019-01-28,-4.0,67.5,277.0
2019-01-29,-6.0,69.667,279.0
2019-01-30,-7.0,20.0,86.0
2019-01-31,18.0,143.917,285.0
2019-02-01,17.0,36.5,123.0
2019-02-02,26.0,68.261,234.0
2019-02-03,52.0,141.611,261.0
2019-02-04,92.0,137.273,175.0
2019-02-05,62.0,176.75,281.0
2019-02-06,-4.0,21.833,277.0
2019-02-07,12.0,49.625,184.0
2019-02-08,30.0,100.833,149.0
2019-02-09,-9.0,22.292,127.0
2019-02-10,-3.0,152.208,276.0
2019-02-11,-12.0,-9.667,-7.0
2019-02-12,-13.0,-10.375,-8.0
2019-02-13,-12.0,-9.292,-7.0
2019-02-14,-8.0,-4.75,1.0
2019-02-15,0.0,35.333,115.0
2019-02-16,1.0,182.042,282.0
2019-02-17,-5.0,72.833,269.0
2019-02-18,-13.0,-11.167,-5.0
2019-02-19,-12.0,-10.875,-8.0
2019-02-20,-9.0,59.708,279.0
2019-02-21,13.0,208.292,285.0
2019-02-22,-8.0,147.417,285.0
2019-02-23,-8.0,45.958,280.0
2019-02-24,101.0,262.5,288.0
2019-02-25,232.0,270.708,287.0
2019-02-26,-5.0,145.542,285.0
2019-02-27,18.0,236.125,287.0
2019-02-28,69.0,259.708,284.0
2019-03-01,48.0,237.792,285.0
2019-03-02,23.0,245.833,285.0
2019-03-03,-6.0,175.667,285.0
2019-03-04,23.0,225.833,288.0
2019-03-05,62.0,224.667,287.0
2019-03-06,34.0,199.0,286.0
2019-03-07,38.0,216.792,287.0
2019-03-08,80.0,258.708,285.0
2019-03-09,-6.0,216.042,288.0
2019-03-10,56.0,232.875,287.0
2019-03-11,46.0,256.435,289.0
2019-03-12,45.0,250.667,288.0
2019-03-13,24.0,236.75,285.0
2019-03-14,42.0,238.208,286.0
2019-03-15,-7.0,142.75,287.0
2019-03-16,263.0,278.167,288.0
2019-03-17,71.0,215.917,287.0
2019-03-18,38.0,184.25,286.0
2019-03-19,28.0,201.917,289.0
2019-03-20,-5.0,212.542,287.0
2019-03-21,30.0,158.375,286.0
2019-03-22,35.0,187.833,285.0
2019-03-23,54.0,215.958,284.0
2019-03-24,64.0,196.625,284.0
2019-03-25,37.0,200.583,286.0
2019-03-26,25.0,188.5,285.0
2019-03-27,30.0,199.917,284.0
2019-03-28,63.0,237.958,286.0
2019-03-29,90.0,253.875,286.0
2019-03-30,54.0,221.042,283.0
2019-03-31,223.0,274.958,285.0
2019-04-01,141.0,270.25,285.0
2019-04-02,47.0,214.583,283.0
2019-04-03,61.0,221.5,283.0
2019-04-04,63.0,204.833,288.0
2019-04-05,23.0,217.958,287.0
2019-04-06,59.0,104.542,151.0
2019-04-07,47.0,106.917,187.0
2019-04-08,29.0,188.458,283.0
2019-04-09,35.0,226.5,285.0
2019-04-10,57.0,240.375,288.0
2019-04-11,99.0,270.083,285.0
2019-04-12,11.0,259.625,285.0
2019-04-13,268.0,279.792,287.0
2019-04-14,108.0,270.708,288.0
2019-04-15,46.0,214.375,286.0
2019-04-16,75.0,256.625,284.0
2019-04-17,104.0,257.0,283.0
2019-04-18,62.0,239.917,285.0
2019-04-19,97.0,230.833,284.0
2019-04-20,106.0,266.083,287.0
2019-04-21,46.0,235.833,289.0
2019-04-22,96.0,256.792,288.0
2019-04-23,-5.0,198.208,286.0
2019-04-24,-11.0,-7.875,-4.0
2019-04-25,-14.0,-9.5,-5.0
2019-04-26,-15.0,-13.417,-12.0
2019-04-27,-15.0,-10.958,-5.0
2019-04-28,-7.0,43.792,280.0
2019-04-29,46.0,225.625,283.0
2019-04-30,54.0,240.625,285.0
2019-05-01,46.0,230.208,285.0
2019-05-02,81.0,225.958,283.0
2019-05-03,96.0,262.875,283.0
2019-05-04,259.0,276.5,284.0
2019-05-05,51.0,222.833,283.0
2019-05-06,267.0,276.917,281.0
2019-05-07,36.0,185.208,284.0
2019-05-08,92.0,264.5,285.0
2019-05-09,239.0,278.458,287.0
2019-05-10,61.0,248.75,288.0
2019-05-11,29.0,249.708,287.0
2019-05-12,26.0,227.5,283.0
2019-05-13,65.0,237.167,281.0
2019-05-14,44.0,218.667,282.0
2019-05-15,61.0,213.792,282.0
2019-05-16,59.0,242.417,283.0
2019-05-17,-4.0,189.625,284.0
2019-05-18,-12.0,-7.917,-4.0
2019-05-19,-7.0,6.75,254.0
2019-05-20,-12.0,-7.583,-3.0
2019-05-21,-11.0,-8.875,-6.0
2019-05-22,-16.0,-12.958,-11.0
2019-05-23,-16.0,-14.75,-14.0
2019-05-24,-16.0,-15.042,-15.0
2019-05-25,-15.0,-14.958,-14.0
2019-05-26,-16.0,-15.042,-15.0
2019-05-27,-16.0,-14.958,-14.0
2019-05-28,-16.0,-14.417,-13.0
2019-05-29,-14.0,-0.583,18.0
2019-05-30,14.0,15.5,19.0
2019-05-31,13.0,15.042,17.0
2019-06-01,15.0,16.0,17.0
2019-06-02,16.0,17.0,19.0
2019-06-03,18.0,34.5,294.0
2019-06-04,20.0,22.625,34.0
2019-06-05,15.0,18.125,21.0
2019-06-06,13.0,16.542,18.0
2019-06-07,12.0,16.417,19.0
2019-06-08,12.0,15.458,17.0
2019-06-09,13.0,15.083,17.0
2019-06-10,13.0,15.708,18.0
2019-06-11,14.0,16.167,17.0
2019-06-12,15.0,18.25,21.0
2019-06-13,15.0,17.792,23.0
2019-06-14,12.0,17.292,22.0
2019-06-15,15.0,16.917,23.0
2019-06-16,19.0,26.0,32.0
2019-06-17,27.0,40.125,59.0
2019-06-18,30.0,44.792,56.0
2019-06-19,44.0,105.042,301.0
2019-06-20,13.0,17.458,38.0
2019-06-21,12.0,15.125,16.0
2019-06-22,13.0,15.917,18.0
2019-06-23,17.0,17.75,18.0
2019-06-24,17.0,27.333,48.0
2019-06-25,34.0,53.792,340.0
2019-06-26,30.0,35.542,37.0
2019-06-27,37.0,56.833,77.0
2019-06-28,64.0,68.75,79.0
2019-06-29,80.0,91.792,100.0
2019-06-30,98.0,101.042,104.0
2019-07-01,101.0,108.292,121.0
2019-07-02,109.0,115.0,150.0
2019-07-03,100.0,131.292,400.0
2019-07-04,100.0,100.625,104.0
2019-07-05,100.0,102.167,106.0
2019-07-06,106.0,237.625,390.0
2019-07-07,106.0,111.05,128.0
2019-07-08,100.0,102.625,110.0
2019-07-09,98.0,99.958,101.0
2019-07-10,98.0,99.333,100.0
2019-07-11,98.0,99.042,100.0
2019-07-12,98.0,98.917,100.0
2019-07-13,97.0,98.167,99.0
2019-07-14,97.0,97.75,99.0
2019-07-15,96.0,96.708,98.0
2019-07-16,95.0,96.667,98.0
2019-07-17,96.0,97.042,98.0
2019-07-18,97.0,101.083,105.0
2019-07-19,106.0,229.75,388.0
2019-07-20,107.0,257.708,392.0
2019-07-21,91.0,98.208,183.0
2019-07-22,90.0,91.333,93.0
2019-07-23,90.0,91.125,92.0
2019-07-24,90.0,91.0,92.0
2019-07-25,90.0,92.0,95.0
2019-07-26,95.0,103.25,113.0
2019-07-27,130.0,355.417,386.0
2019-07-28,363.0,379.667,389.0
2019-07-29,373.0,390.958,401.0
2019-07-30,112.0,263.333,399.0
2019-07-31,99.0,103.167,111.0
2019-08-01,97.0,97.917,99.0
2019-08-02,97.0,98.917,102.0
2019-08-03,98.0,99.792,103.0
2019-08-04,95.0,98.417,101.0
2019-08-05,94.0,99.333,104.0
2019-08-06,92.0,96.0,100.0
2019-08-07,84.0,88.792,94.0
2019-08-08,80.0,85.792,95.0
2019-08-09,77.0,83.458,95.0
2019-08-10,81.0,86.292,92.0
2019-08-11,85.0,91.167,95.0
2019-08-12,84.0,195.417,385.0
2019-08-13,87.0,238.667,376.0
2019-08-14,90.0,260.708,376.0
2019-08-15,91.0,300.708,380.0
2019-08-16,202.0,354.542,381.0
2019-08-17,303.0,361.375,378.0
2019-08-18,326.0,353.208,371.0
2019-08-19,330.0,343.333,359.0
2019-08-20,170.0,332.458,375.0
2019-08-21,96.0,217.0,388.0
2019-08-22,100.0,176.292,395.0
2019-08-23,176.0,344.792,399.0
2019-08-24,100.0,301.667,400.0
2019-08-25,94.0,101.708,114.0
2019-08-26,75.0,88.375,101.0
2019-08-27,53.0,66.917,81.0
2019-08-28,22.0,40.458,60.0
2019-08-29,8.0,15.667,25.0
2019-08-30,-14.0,-4.042,8.0
2019-08-31,-15.0,-13.625,-13.0
2019-09-01,-14.0,-12.292,-11.0
2019-09-02,-14.0,-11.833,-11.0
2019-09-03,-12.0,-10.583,-9.0
2019-09-04,-10.0,-8.478,-6.0
2019-09-05,-5.0,6.083,49.0
2019-09-06,3.0,12.583,62.0
2019-09-07,50.0,198.625,300.0
2019-09-08,2.0,209.167,303.0
2019-09-09,39.0,246.417,300.0
2019-09-10,102.0,273.625,310.0
2019-09-11,104.0,258.0,309.0
2019-09-12,85.0,268.5,309.0
2019-09-13,50.0,230.625,299.0
2019-09-14,27.0,229.333,284.0
2019-09-15,258.0,273.792,282.0
2019-09-16,50.0,245.083,286.0
2019-09-17,71.0,248.5,281.0
2019-09-18,23.0,191.25,282.0
2019-09-19,74.0,262.208,284.0
2019-09-20,109.0,241.917,287.0
2019-09-21,21.0,196.375,285.0
2019-09-22,41.0,177.75,282.0
2019-09-23,68.0,202.083,283.0
2019-09-24,8.0,131.375,281.0
2019-09-25,18.0,132.917,280.0
2019-09-26,38.0,137.625,278.0
2019-09-27,31.0,183.208,283.0
2019-09-28,81.0,232.917,284.0
2019-09-29,67.0,212.667,283.0
2019-09-30,36.0,225.208,284.0
2019-10-01,-4.0,266.083,287.0
2019-10-02,-14.0,-9.458,-5.0
2019-10-03,-13.0,-9.167,-5.0
2019-10-04,-13.0,-8.5,-5.0
2019-10-05,-15.0,-10.667,-8.0
2019-10-06,-17.0,-9.958,-7.0
2019-10-07,-11.0,-7.583,3.0
2019-10-08,15.0,188.042,284.0
2019-10-09,182.0,262.583,282.0
2019-10-10,126.0,263.542,283.0
2019-10-11,45.0,220.625,283.0
2019-10-12,108.0,260.958,284.0
2019-10-13,6.0,256.958,283.0
2019-10-14,263.0,280.333,289.0
2019-10-15,44.0,232.667,294.0
2019-10-16,77.0,270.833,287.0
2019-10-17,147.0,273.542,290.0
2019-10-18,31.0,201.375,284.0
2019-10-19,84.0,268.208,283.0
2019-10-20,38.0,220.087,287.0
2019-10-21,66.0,238.0,285.0
2019-10-22,47.0,257.792,284.0
2019-10-23,259.0,275.458,285.0
2019-10-24,75.0,256.667,284.0
2019-10-25,19.0,214.5,284.0
2019-10-26,64.0,243.125,284.0
2019-10-27,261.0,276.083,284.0
2019-10-28,5.0,179.958,286.0
2019-10-29,-10.0,-5.5,0.0
2019-10-30,-5.0,71.542,254.0
2019-10-31,58.0,149.958,275.0
2019-11-01,20.0,137.708,278.0
2019-11-02,8.0,33.667,118.0
2019-11-03,4.0,150.667,274.0
2019-11-04,1.0,11.708,25.0
2019-11-05,4.0,54.167,91.0
2019-11-06,78.0,240.917,280.0
2019-11-07,-6.0,182.75,283.0
2019-11-08,-8.0,-4.542,-2.0
2019-11-09,-5.0,-1.667,3.0
2019-11-10,-9.0,53.25,272.0
2019-11-11,-15.0,-8.583,3.0
2019-11-12,-14.0,-8.125,-2.0
2019-11-13,-14.0,-11.583,-9.0
2019-11-14,-14.0,-12.125,-11.0
2019-11-15,-12.0,-9.958,-7.0
2019-11-16,-8.0,-4.458,2.0
2019-11-17,0.0,106.333,280.0
2019-11-18,257.0,272.625,284.0
2019-11-19,68.0,218.0,282.0
2019-11-20,252.0,272.375,284.0
2019-11-21,4.0,24.375,107.0
2019-11-22,59.0,144.875,250.0
2019-11-23,111.0,211.375,267.0
2019-11-24,79.0,177.917,268.0
2019-11-25,49.0,171.75,276.0
2019-11-26,37.0,140.667,277.0
2019-11-27,82.0,211.375,277.0
2019-11-28,-4.0,177.565,287.0
2019-11-29,-7.0,63.042,282.0
2019-11-30,73.0,249.708,287.0
2019-12-01,72.0,198.333,285.0
2019-12-02,184.0,266.417,285.0
2019-12-03,56.0,214.375,288.0
2019-12-04,61.0,231.458,289.0
2019-12-05,30.0,223.875,288.0
2019-12-06,45.0,242.75,287.0
2019-12-07,51.0,231.542,287.0
2019-12-08,54.0,259.0,288.0
2019-12-09,48.0,240.292,285.0
2019-12-10,47.0,248.917,286.0
2019-12-11,63.0,228.619,287.0
2019-12-12,259.0,274.478,286.0
2019-12-13,259.0,274.125,286.0
2019-12-14,54.0,251.875,285.0
2019-12-15,263.0,277.583,289.0
2019-12-16,258.0,275.5,287.0
2019-12-17,129.0,262.833,285.0
2019-12-18,250.0,272.583,285.0
2019-12-19,255.0,272.522,284.0
2019-12-20,146.0,266.833,288.0
2019-12-21,63.0,186.583,285.0
2019-12-22,50.0,210.625,286.0
2019-12-23,107.0,256.708,283.0
2019-12-24,187.0,266.0,286.0
2019-12-25,194.0,269.583,286.0
2019-12-26,253.0,271.333,285.0
2019-12-27,113.0,258.625,284.0
2019-12-28,256.0,270.958,283.0
2019-12-29,86.0,263.0,283.0
2019-12-30,161.0,266.917,284.0
2019-12-31,252.0,269.583,283.0
2020-01-01,251.0,269.167,282.0
2020-01-02,248.0,268.5,283.0
2020-01-03,140.0,265.25,282.0
2020-01-04,256.0,270.458,281.0
2020-01-05,259.0,277.75,285.0
2020-01-06,68.0,266.958,288.0
2020-01-07,70.0,249.333,288.0
2020-01-08,44.0,238.625,287.0
2020-01-09,160.0,263.391,287.0
2020-01-10,105.0,265.167,285.0
2020-01-11,106.0,259.708,283.0
2020-01-12,253.0,268.792,280.0
2020-01-13,62.0,211.875,282.0
2020-01-14,54.0,230.375,282.0
2020-01-15,248.0,268.522,282.0
2020-01-16,249.0,267.333,279.0
2020-01-17,41.0,189.125,278.0
2020-01-18,17.0,127.5,276.0
2020-01-19,16.0,166.0,277.0
2020-01-20,16.0,104.957,260.0
2020-01-21,-11.0,63.875,281.0
2020-01-22,30.0,168.0,281.0
2020-01-23,24.0,118.208,278.0
2020-01-24,22.0,233.364,280.0
2020-01-25,-10.0,-7.318,-1.0
2020-01-26,-13.0,-10.958,-9.0
2020-01-27,-13.0,-11.625,-11.0
2020-01-28,-13.0,-11.792,-11.0
2020-01-29,-14.0,-12.625,-12.0
2020-01-30,-13.0,-11.25,-7.0
2020-01-31,-11.0,-7.958,5.0
2020-02-01,-8.0,168.208,277.0
2020-02-02,105.0,265.792,284.0
2020-02-03,37.0,188.375,284.0
2020-02-04,69.0,211.542,287.0
2020-02-05,0.0,169.478,286.0
2020-02-06,-9.0,-6.542,-3.0
2020-02-07,-9.0,-6.333,-3.0
2020-02-08,-10.0,-6.875,-3.0
2020-02-09,-10.0,-6.348,-3.0
2020-02-10,-8.0,-5.708,-4.0
2020-02-11,-5.0,-2.917,0.0
2020-02-12,-3.0,15.333,283.0
2020-02-13,-2.0,8.333,130.0
2020-02-14,8.0,94.333,278.0
2020-02-15,257.0,273.167,284.0
2020-02-16,31.0,199.167,285.0
2020-02-17,24.0,217.5,283.0
2020-02-18,28.0,211.958,285.0
2020-02-19,10.0,196.958,284.0
2020-02-20,-5.0,116.958,278.0
2020-02-21,47.0,264.667,284.0
2020-02-22,260.0,274.292,286.0
2020-02-23,82.0,267.75,286.0
2020-02-24,112.0,254.417,288.0
2020-02-25,7.0,166.125,289.0
2020-02-26,16.0,253.875,286.0
2020-02-27,260.0,275.333,285.0
2020-02-28,260.0,274.917,285.0
2020-02-29,66.0,241.647,283.0
2020-03-01,68.0,205.917,282.0
2020-03-02,65.0,226.958,282.0
2020-03-03,28.0,207.333,282.0
2020-03-04,57.0,187.875,280.0
2020-03-05,98.0,232.125,278.0
2020-03-06,171.0,266.667,281.0
2020-03-07,-1.0,210.917,283.0
2020-03-08,6.0,206.583,283.0
2020-03-09,64.0,212.875,284.0
2020-03-10,54.0,216.958,282.0
2020-03-11,80.0,235.875,285.0
2020-03-12,78.0,255.667,286.0
2020-03-13,101.0,261.125,286.0
2020-03-14,57.0,233.708,285.0
2020-03-15,258.0,275.458,285.0
2020-03-16,32.0,228.0,286.0
2020-03-17,67.0,269.917,288.0
2020-03-18,76.0,263.375,288.0
2020-03-19,261.0,277.375,287.0
2020-03-20,75.0,255.417,286.0
2020-03-21,61.0,232.5,287.0
2020-03-22,87.0,214.792,287.0
2020-03-23,254.0,278.083,289.0
2020-03-24,260.0,277.458,288.0
2020-03-25,43.0,258.063,286.0
2020-03-26,260.0,277.722,286.0
2020-03-27,260.0,276.565,285.0
2020-03-28,32.0,259.583,286.0
2020-03-29,1.0,230.292,286.0
2020-03-30,71.0,260.792,284.0
2020-03-31,93.0,247.625,284.0
2020-04-01,17.0,209.917,286.0
2020-04-02,34.0,246.667,285.0
2020-04-03,45.0,264.708,282.0
2020-04-04,2.0,246.625,284.0
2020-04-05,208.0,272.583,284.0
2020-04-06,-8.0,142.696,285.0
2020-04-07,2.0,205.667,284.0
2020-04-08,21.0,95.708,249.0
2020-04-09,26.0,87.25,270.0
2020-04-10,26.0,202.083,274.0
2020-04-11,153.0,256.167,284.0
2020-04-12,170.0,252.333,282.0
2020-04-13,101.0,229.25,287.0
2020-04-14,153.0,236.958,274.0
2020-04-15,152.0,243.125,278.0
2020-04-16,116.0,217.167,272.0
2020-04-17,142.0,222.333,273.0
2020-04-18,148.0,212.958,258.0
2020-04-19,160.0,234.875,279.0
2020-04-20,114.0,174.208,261.0
2020-04-21,125.0,171.417,262.0
2020-04-22,150.0,188.542,264.0
2020-04-23,129.0,159.625,205.0
2020-04-24,145.0,193.875,276.0
2020-04-25,162.0,192.458,244.0
2020-04-26,159.0,182.042,253.0
2020-04-27,170.0,202.083,262.0
2020-04-28,79.0,238.917,286.0
2020-04-29,69.0,221.292,276.0
2020-04-30,134.0,238.792,275.0
2020-05-01,131.0,214.917,272.0
2020-05-02,142.0,209.125,281.0
2020-05-03,134.0,165.375,233.0
2020-05-04,120.0,177.333,274.0
2020-05-05,145.0,212.25,279.0
2020-05-06,129.0,184.292,246.0
2020-05-07,79.0,144.667,215.0
2020-05-08,50.0,240.75,283.0
2020-05-09,260.0,276.333,283.0
2020-05-10,259.0,278.333,286.0
2020-05-11,259.0,278.292,287.0
2020-05-12,271.0,281.167,287.0
2020-05-13,261.0,280.208,288.0
2020-05-14,14.0,228.708,287.0
2020-05-15,75.0,257.625,285.0
2020-05-16,255.0,274.542,282.0
2020-05-17,88.0,243.667,283.0
2020-05-18,258.0,276.958,285.0
2020-05-19,68.0,269.958,286.0
2020-05-20,283.0,286.875,292.0
2020-05-21,266.0,286.375,294.0
2020-05-22,-9.0,131.667,296.0
2020-05-23,-6.0,104.167,278.0
2020-05-24,50.0,231.958,280.0
2020-05-25,63.0,242.042,279.0
2020-05-26,75.0,250.208,279.0
2020-05-27,60.0,259.708,282.0
2020-05-28,59.0,268.583,282.0
2020-05-29,282.0,284.529,289.0
2020-05-30,263.0,280.167,289.0
2020-05-31,27.0,214.333,285.0
2020-06-01,-10.22,-0.992,92.0
2020-06-02,-11.68,-8.395,-2.92
2020-06-03,-2.92,1.521,4.38
2020-06-04,-1.46,2.008,5.84
2020-06-05,-4.38,0.19,5.84
2020-06-06,-4.38,1.156,11.68
2020-06-07,-5.84,-0.304,7.3
2020-06-08,-10.22,-7.848,-2.92
2020-06-09,-10.22,-5.718,4.38
2020-06-10,-17.52,-14.113,-10.22
2020-06-11,-18.98,-17.277,-16.06
2020-06-12,-16.06,11.741,35.04
2020-06-13,33.58,35.831,37.96
2020-06-14,36.5,37.899,39.42
2020-06-15,36.5,38.082,40.88
2020-06-16,32.12,34.858,37.96
2020-06-17,32.12,40.698,58.4
2020-06-18,37.96,46.598,54.02
2020-06-19,36.5,91.615,115.34
2020-06-20,94.9,109.683,135.78
2020-06-21,116.8,125.803,128.48
2020-06-22,127.02,152.448,213.16
2020-06-23,208.78,251.728,302.22
2020-06-24,289.08,307.87,347.48
2020-06-25,322.66,478.88,715.4
2020-06-26,449.68,599.208,734.38
2020-06-27,367.92,602.189,738.76
2020-06-28,351.86,392.375,454.06
2020-06-29,365.0,445.3,830.74
2020-06-30,379.6,568.487,833.66
2020-07-01,381.06,703.842,878.92
2020-07-02,492.02,738.395,883.3
2020-07-03,838.04,860.974,874.54
2020-07-04,861.4,903.436,988.42
2020-07-05,538.74,783.004,988.42
2020-07-06,543.12,545.857,548.96
2020-07-07,540.2,545.797,550.42
2020-07-08,551.88,574.145,586.92
2020-07-09,584.0,749.953,1007.4
2020-07-10,989.88,1004.541,1016.16
2020-07-11,995.72,1009.286,1017.62
2020-07-12,981.12,1006.305,1019.08
2020-07-13,699.34,993.591,1023.46
2020-07-14,673.06,971.569,1014.7
2020-07-15,753.36,989.15,1014.7
2020-07-16,991.34,1011.111,1022.0
2020-07-17,989.88,1004.663,1014.7
2020-07-18,973.82,986.169,1001.56
2020-07-19,826.36,953.928,976.74
2020-07-20,913.96,955.935,972.36
2020-07-21,894.98,962.444,979.66
2020-07-22,538.74,826.299,989.88
2020-07-23,532.9,538.114,540.2
2020-07-24,531.44,534.625,537.28
2020-07-25,528.52,529.433,531.44
2020-07-26,529.98,537.767,544.58
2020-07-27,543.12,562.465,575.24
2020-07-28,563.56,568.366,573.78
2020-07-29,575.24,766.434,1013.24
2020-07-30,970.9,999.674,1019.08
2020-07-31,563.56,848.017,1016.16
2020-08-01,973.82,998.336,1010.32
2020-08-02,626.34,904.957,1008.86
2020-08-03,607.36,771.306,976.74
2020-08-04,626.34,886.281,997.18
2020-08-05,928.56,975.402,1001.56
2020-08-06,673.06,967.858,997.18
2020-08-07,657.0,920.469,997.18
2020-08-08,584.0,883.057,979.66
2020-08-09,931.48,958.125,970.9
2020-08-10,662.84,945.411,976.74
2020-08-11,563.56,923.024,978.2
2020-08-12,513.92,748.98,979.66
2020-08-13,909.58,957.152,979.66
2020-08-14,912.5,947.662,966.52
2020-08-15,862.86,930.628,957.76
2020-08-16,575.24,880.502,935.86
2020-08-17,548.96,891.817,940.24
2020-08-18,894.98,930.263,946.08
2020-08-19,605.9,908.818,956.3
2020-08-20,616.12,933.448,973.82
2020-08-21,705.18,938.415,984.04
2020-08-22,638.02,952.546,982.58
2020-08-23,686.2,941.457,991.34
2020-08-24,670.14,949.669,984.04
2020-08-25,655.54,918.279,978.2
2020-08-26,686.2,917.184,982.58
2020-08-27,579.62,837.067,969.44
2020-08-28,751.9,911.405,960.68
2020-08-29,690.58,858.298,951.92
2020-08-30,527.06,762.789,956.3
2020-08-31,522.68,532.778,557.72
2020-09-01,560.64,796.491,985.5
2020-09-02,753.36,938.145,985.5
2020-09-03,927.1,959.828,978.2
2020-09-04,579.62,907.329,975.28
2020-09-05,611.74,936.59,973.82
2020-09-06,527.06,852.153,973.82
2020-09-07,851.18,919.292,960.68
2020-09-08,876.0,923.998,943.16
2020-09-09,506.62,784.811,960.68
2020-09-10,499.32,528.337,919.8
2020-09-11,489.1,499.868,509.54
2020-09-12,471.58,485.876,502.24
2020-09-13,451.14,463.915,475.96
2020-09-14,426.32,442.684,451.14
2020-09-15,413.18,422.001,427.78
2020-09-16,400.04,407.644,414.64
2020-09-17,381.06,392.314,402.96
2020-09-18,356.24,372.361,389.82
2020-09-19,332.88,354.293,373.76
2020-09-20,319.74,338.233,363.54
2020-09-21,294.92,319.497,338.72
2020-09-22,309.52,603.467,741.68
2020-09-23,335.8,655.418,713.94
2020-09-24,366.46,618.31,690.58
2020-09-25,381.06,611.253,678.9
2020-09-26,313.9,596.653,674.52
2020-09-27,316.82,600.121,668.68
2020-09-28,303.68,579.255,636.56
2020-09-29,219.0,551.454,635.1
2020-09-30,312.44,567.21,638.02
2020-10-01,543.12,582.297,621.96
2020-10-02,537.28,564.168,600.06
2020-10-03,236.52,519.295,578.16
2020-10-04,33.58,95.508,537.28
2020-10-05,-11.68,-0.061,26.28
2020-10-06,-17.52,-12.532,-5.84
2020-10-07,-18.98,-16.607,-14.6
2020-10-08,-18.98,-16.504,-14.6
2020-10-09,-18.98,-13.748,-10.22
2020-10-10,-11.68,-9.855,-7.3
2020-10-11,-17.52,-15.817,-13.14
2020-10-12,-17.52,-15.634,-13.14
2020-10-13,-14.6,-12.41,-8.76
2020-10-14,-13.14,-7.543,1.46
2020-10-15,1.46,109.682,398.58
2020-10-16,65.7,365.669,404.42
2020-10-17,48.18,333.002,405.88
2020-10-18,373.76,393.288,405.88
2020-10-19,67.16,373.152,408.8
2020-10-20,93.44,382.094,410.26
2020-10-21,188.34,378.262,407.34
2020-10-22,17.52,305.627,405.88
2020-10-23,51.1,295.711,405.88
2020-10-24,29.2,333.61,407.34
2020-10-25,280.32,394.565,411.72
2020-10-26,78.84,337.382,411.72
2020-10-27,65.7,346.75,410.26
2020-10-28,26.28,265.189,411.72
2020-10-29,89.06,327.04,410.26
2020-10-30,56.94,264.831,410.26
2020-10-31,65.7,344.925,407.34
2020-11-01,58.4,313.292,407.34
2020-11-02,106.58,344.317,407.34
2020-11-03,87.6,306.666,408.8
2020-11-04,74.46,310.372,407.34
2020-11-05,58.4,344.494,408.8
2020-11-06,33.58,303.011,411.72
2020-11-07,112.42,291.331,410.26
2020-11-08,61.32,304.696,410.26
2020-11-09,81.76,300.395,411.72
2020-11-10,394.2,407.871,411.72
2020-11-12,0.0,0.0,0.0
2020-11-13,0.0,2.78,7.154
2020-11-14,0.0,3.218,7.3
2020-11-15,0.0,5.487,12.994
2020-11-16,0.0,5.529,11.972
2020-11-17,3.65,7.142,14.162
2020-11-18,0.0,3.315,7.008
2020-11-19,0.0,2.956,6.278
2020-11-20,0.0,3.157,6.716
2020-11-21,0.0,3.084,7.008
2020-11-22,0.0,2.689,6.132
2020-11-23,0.0,2.859,6.716
2020-11-24,0.0,2.938,6.716
2020-11-25,0.0,2.652,6.716
2020-11-26,0.0,2.263,6.424
2020-11-27,0.0,2.372,6.716
2020-11-28,0.0,2.47,7.008
2020-11-29,0.0,2.202,6.862
2020-11-30,0.0,1.898,6.716
2020-12-01,0.0,1.892,6.716
2020-12-02,0.0,2.348,7.3
2020-12-03,0.0,2.324,7.3
2020-12-04,0.0,2.245,7.3
2020-12-05,0.0,2.117,6.57
2020-12-06,0.0,1.259,6.132
2020-12-07,0.0,1.095,6.862
2020-12-08,0.0,1.393,7.008
2020-12-09,0.0,0.0,0.0
2020-12-10,0.0,0.0,0.0
2020-12-11,0.0,2.123,7.592
2020-12-12,0.0,1.478,7.154
2020-12-13,0.0,1.789,7.446
2020-12-14,0.0,1.125,7.008
2020-12-15,0.0,1.782,7.446
2020-12-16,0.0,1.822,7.3
2020-12-17,0.0,0.87,7.008
2020-12-18,0.0,1.807,7.446
2020-12-19,0.0,3.382,7.884
2020-12-20,0.0,2.701,7.592
2020-12-21,0.0,1.636,6.716
2020-12-22,0.0,0.0,0.0
2020-12-23,0.0,0.0,0.0
2020-12-24,0.0,0.0,0.0
2020-12-25,0.0,0.0,0.0
2020-12-26,0.0,0.0,0.0
2020-12-27,0.0,0.0,0.0
2020-12-28,0.0,0.0,0.0
2020-12-29,0.0,0.0,0.0
2020-12-30,0.0,1.235,7.592
2020-12-31,0.0,0.0,0.0
2021-01-01,0.0,0.0,0.0
2021-01-02,0.0,0.0,0.0
2021-01-03,0.0,2.306,7.738
2021-01-04,0.0,0.864,7.008
2021-01-05,0.0,1.205,7.446
2021-01-06,0.0,1.88,8.03
2021-01-07,0.0,1.563,7.884
2021-01-08,0.0,1.539,7.738
2021-01-09,0.0,2.89,7.738
2021-01-10,0.0,2.19,7.738
2021-01-11,0.0,2.579,7.884
2021-01-12,0.0,1.782,7.3
2021-01-13,0.0,1.211,7.446
2021-01-14,0.0,0.56,6.862
2021-01-15,0.0,0.0,0.0
2021-01-16,0.0,0.316,7.592
2021-01-17,0.0,1.803,7.738
2021-01-18,0.0,0.0,0.0
2021-01-19,0.0,0.0,0.0
2021-01-20,0.0,0.267,6.132
2021-01-21,0.0,0.992,6.132
2021-01-22,0.0,0.0,0.0
2021-01-23,0.0,0.0,0.0
2021-01-24,0.0,0.0,0.0
2021-01-25,0.0,0.0,0.0
2021-01-26,0.0,0.0,0.0
2021-01-27,0.0,1.752,7.592
2021-01-28,0.0,1.472,7.446
2021-01-29,0.0,3.972,10.366
2021-01-30,7.738,41.603,60.736
2021-01-31,34.748,41.634,46.574
2021-02-01,0.0,25.507,43.508
2021-02-02,0.0,5.718,12.994
2021-02-03,0.0,5.56,12.41
2021-02-04,0.0,2.141,5.402
2021-02-05,0.0,1.947,5.402
2021-02-06,0.0,1.394,5.256
2021-02-07,0.0,1.679,5.986
2021-02-08,0.0,1.308,6.132
2021-02-09,0.0,2.817,9.49
2021-02-10,0.0,2.863,7.592
2021-02-11,0.0,2.762,6.424
2021-02-12,0.0,3.833,10.512
2021-02-13,0.0,3.236,6.862
2021-02-14,0.0,4.733,9.198
2021-02-15,0.0,4.441,8.906
2021-02-16,0.0,4.538,8.03
2021-02-17,0.0,3.674,7.884
2021-02-18,0.0,4.088,7.592
2021-02-19,0.0,3.79,7.592
2021-02-20,0.0,3.206,6.716
2021-02-21,0.0,3.163,6.716
2021-02-22,0.0,3.145,6.716
2021-02-23,0.0,2.415,6.278
2021-02-24,0.0,1.636,5.11
2021-02-25,0.0,0.371,4.526
2021-02-26,0.0,1.675,5.84
2021-02-27,0.0,0.0,0.0
2021-02-28,0.0,0.475,5.986
2021-03-01,0.0,0.0,0.0
2021-03-02,0.0,0.839,8.03
2021-03-03,0.0,1.673,5.986
2021-03-04,0.0,0.475,5.84
2021-03-05,0.0,0.0,0.0
2021-03-06,0.0,0.0,0.0
2021-03-07,0.0,0.0,0.0
2021-03-08,0.0,0.0,0.0
2021-03-09,0.0,0.0,0.0
2021-03-10,0.0,0.0,0.0
2021-03-11,0.0,0.715,7.154
2021-03-12,0.0,0.42,10.074
2021-03-13,0.0,4.629,10.658
2021-03-14,0.0,3.163,8.468
2021-03-15,0.0,5.148,8.614
2021-03-16,0.0,5.499,11.096
2021-03-17,0.0,3.644,6.57
2021-03-18,0.0,3.991,6.57
2021-03-19,0.0,5.585,9.344
2021-03-20,0.0,6.193,13.724
2021-03-21,0.0,3.777,6.424
2021-03-22,0.0,3.517,6.862
2021-03-23,0.0,3.25,6.57
2021-03-24,0.0,3.832,6.716
2021-03-25,0.0,4.24,7.008
2021-03-26,0.0,4.659,7.154
2021-03-27,0.0,3.857,6.57
2021-03-28,0.0,3.273,6.132
2021-03-29,0.0,3.078,6.278
2021-03-30,0.0,3.517,6.57
2021-03-31,0.0,3.48,6.716
2021-04-01,0.0,3.772,7.008
2021-04-02,0.0,3.808,7.008
2021-04-03,0.0,3.407,6.57
2021-04-04,0.0,3.339,6.862
2021-04-05,0.0,4.021,6.862
2021-04-06,0.0,3.808,7.008
2021-04-07,0.0,3.857,7.154
2021-04-08,0.0,4.502,7.3
2021-04-09,0.0,4.289,7.3
2021-04-10,0.0,5.213,7.884
2021-04-11,0.0,3.735,7.008
2021-04-12,0.0,3.242,6.716
2021-04-13,0.0,3.358,6.716
2021-04-14,0.0,3.504,6.862
2021-04-15,0.0,3.668,6.862
2021-04-16,0.0,3.784,6.716
2021-04-17,0.0,4.173,7.008
2021-04-18,0.0,4.112,7.008
2021-04-19,0.0,4.155,7.3
2021-04-20,0.0,4.562,7.3
2021-04-21,0.0,5.962,9.782
2021-04-22,0.0,4.648,7.3
2021-04-23,0.0,5.037,7.592
2021-04-24,0.0,4.392,6.862
2021-04-25,0.0,4.234,7.154
2021-04-26,0.0,4.295,6.862
2021-04-27,0.0,4.21,7.154
2021-04-28,0.0,3.857,7.008
2021-04-29,0.0,4.076,6.862
2021-04-30,0.0,4.587,7.154
2021-05-01,0.0,4.228,7.3
2021-05-02,0.0,4.994,6.716
2021-05-03,0.0,5.238,7.592
2021-05-04,0.146,6.905,12.848
2021-05-05,0.0,7.379,12.118
2021-05-06,0.0,4.039,6.278
2021-05-07,0.0,4.088,7.154
2021-05-08,3.358,5.978,6.862
2021-05-09,0.0,4.666,7.154
2021-05-10,0.0,4.879,7.154
2021-05-11,0.0,4.426,7.154
2021-05-12,0.0,3.921,6.424
2021-05-13,0.0,5.504,8.614
2021-05-14,0.0,3.824,6.57
2021-05-15,0.438,4.881,5.986
2021-05-16,0.0,3.922,6.424
2021-05-17,0.0,4.075,6.424
2021-05-18,0.0,4.283,7.008
2021-05-19,0.0,5.232,7.154
2021-05-20,0.0,8.213,24.382
2021-05-21,23.798,25.465,28.762
2021-05-22,23.068,25.799,28.324
2021-05-23,22.046,25.069,28.032
2021-05-24,20.294,24.266,31.682
2021-05-25,16.936,25.063,30.66
2021-05-26,13.286,20.403,29.784
2021-05-27,0.0,11.578,23.944
2021-05-28,0.0,4.304,6.424
2021-05-29,0.0,4.41,7.008
2021-05-30,0.0,4.204,6.278
2021-05-31,0.0,3.942,5.84
2021-06-01,5.11,15.527,27.448
2021-06-02,13.286,20.081,25.112
2021-06-03,0.0,11.467,21.608
2021-06-04,0.0,3.79,5.402
2021-06-05,0.0,4.264,6.716
2021-06-06,0.0,4.435,5.986
2021-06-07,5.402,9.958,16.644
2021-06-08,0.0,7.714,15.038
2021-06-09,0.438,4.356,6.862
2021-06-10,0.0,4.727,7.3
2021-06-11,0.0,3.899,5.986
2021-06-12,0.0,3.534,5.256
2021-06-13,0.0,3.966,5.548
2021-06-14,0.0,3.972,5.986
2021-06-15,0.0,4.313,7.592
2021-06-16,5.986,9.947,12.848
2021-06-17,8.176,14.144,18.688
2021-06-18,2.482,11.039,17.228
2021-06-19,0.0,7.756,11.096
2021-06-20,0.0,5.822,8.03
2021-06-21,0.0,5.067,7.738
2021-06-22,0.0,4.628,7.008
2021-06-23,6.278,9.89,16.79
2021-06-24,15.038,16.985,18.396
2021-06-25,15.33,40.095,81.906
2021-06-26,65.408,67.257,69.642
2021-06-27,68.912,71.364,72.416
2021-06-28,70.372,72.148,72.854
2021-06-29,70.372,71.591,73.146
2021-06-30,66.43,69.155,70.81
2021-07-01,61.904,64.575,66.722
2021-07-02,64.094,64.735,65.554
2021-07-03,63.364,64.512,65.554
2021-07-04,63.51,64.684,65.7
2021-07-05,62.196,64.082,65.846
2021-07-06,62.05,63.759,65.262
2021-07-07,59.86,63.072,64.678
2021-07-08,59.568,62.135,64.094
2021-07-09,59.422,61.612,64.24
2021-07-10,56.94,59.86,62.196
2021-07-11,56.94,59.489,60.59
2021-07-12,57.67,60.304,61.612
2021-07-13,57.086,59.866,63.656
2021-07-14,56.648,59.568,63.072
2021-07-15,55.626,57.956,59.714
2021-07-16,55.334,58.806,61.904
2021-07-17,55.626,59.227,61.174
2021-07-18,55.042,57.974,58.984
2021-07-19,52.414,57.372,61.466
2021-07-20,50.37,54.525,57.962
2021-07-21,47.596,50.163,56.064
2021-07-22,37.814,46.27,53.144
2021-07-23,22.484,36.895,51.246
2021-07-24,17.958,25.684,31.244
2021-07-25,9.928,24.127,29.784
2021-07-26,0.0,12.088,23.36
2021-07-27,0.0,6.022,8.906
2021-07-28,0.0,5.019,8.176
2021-07-29,0.0,4.854,8.176
2021-07-30,0.0,5.078,7.884
2021-07-31,0.0,3.942,7.008
2021-08-01,0.0,3.887,6.278
2021-08-02,0.0,3.927,5.694
2021-08-03,0.0,3.628,5.986
2021-08-04,0.0,3.448,6.278
2021-08-05,0.0,4.143,6.278
2021-08-06,0.0,4.342,6.716
2021-08-07,0.0,4.704,7.154
2021-08-08,0.0,5.861,7.592
2021-08-09,0.0,5.614,7.884
2021-08-10,0.0,5.521,8.176
2021-08-11,0.0,4.431,7.154
2021-08-12,0.0,5.389,7.738
2021-08-13,0.0,5.274,7.592
2021-08-14,0.0,4.617,7.3
2021-08-15,4.672,7.385,10.95
2021-08-16,4.818,6.462,9.344
2021-08-17,1.752,4.252,5.694
2021-08-18,6.278,23.165,52.414
2021-08-19,61.466,112.085,156.804
2021-08-20,139.43,145.988,161.914
2021-08-21,150.234,177.366,237.542
2021-08-22,182.354,193.073,200.75
2021-08-23,196.808,205.227,226.008
2021-08-24,227.76,231.459,232.724
2021-08-25,231.702,231.937,232.14
2021-08-26,231.264,231.653,231.994
2021-08-27,229.658,230.923,231.702
2021-08-28,229.512,235.309,238.856
2021-08-29,233.746,237.542,238.856
2021-08-30,234.33,238.096,243.236
2021-08-31,237.542,242.098,247.616
2021-09-01,240.754,251.862,267.034
2021-09-02,265.282,267.551,269.37
2021-09-03,268.786,270.368,271.56
2021-09-04,267.91,270.143,272.29
2021-09-05,262.508,264.904,267.472
2021-09-06,259.004,263.771,269.078
2021-09-07,253.894,264.868,273.312
2021-09-08,272.29,274.468,280.758
2021-09-09,252.58,275.119,288.058
2021-09-10,248.638,272.114,281.926
2021-09-11,245.718,249.502,254.04
2021-09-12,250.536,264.272,273.166
2021-09-13,260.61,275.721,289.372
2021-09-14,272.29,286.926,295.358
2021-09-15,272.582,286.531,302.95
2021-09-16,259.88,283.9,299.738
2021-09-17,260.61,285.941,323.828
2021-09-18,249.952,275.223,310.542
2021-09-19,211.7,233.095,253.31
2021-09-20,192.428,211.718,230.242
2021-09-21,153.592,179.045,193.012
2021-09-22,127.896,147.289,179.726
2021-09-23,98.842,124.173,154.614
2021-09-24,51.976,89.887,147.606
2021-09-25,0.0,48.387,132.568
2021-09-26,0.0,4.283,8.03
2021-09-27,0.0,4.064,7.738
2021-09-28,0.0,3.899,7.3
2021-09-29,0.0,4.039,7.3
2021-09-30,0.0,3.451,7.592
2021-10-01,0.0,3.997,7.446
2021-10-02,0.0,4.039,7.154
2021-10-03,0.0,4.502,8.322
2021-10-04,0.0,4.301,7.884
2021-10-05,0.0,4.301,7.884
2021-10-06,0.0,4.052,7.446
2021-10-07,0.0,3.924,7.154
2021-10-08,0.0,3.954,7.3
2021-10-09,0.0,3.912,6.716
2021-10-10,0.0,3.735,7.154
2021-10-11,0.0,3.815,7.008
2021-10-12,0.0,3.694,7.592
2021-10-13,0.0,4.45,7.884
2021-10-14,0.0,5.116,7.3
2021-10-15,0.0,4.704,8.03
2021-10-16,0.0,4.021,7.592
2021-10-17,0.0,3.967,7.154
2021-10-18,0.0,3.401,6.862
2021-10-19,0.0,2.835,6.862
2021-10-20,0.0,3.699,7.008
2021-10-21,0.0,3.98,7.008
2021-10-22,0.0,4.313,6.862
2021-10-23,0.0,4.433,7.884
2021-10-24,0.0,3.443,7.3
2021-10-25,0.0,2.756,6.57
2021-10-26,0.0,2.738,6.424
2021-10-27,0.0,2.701,7.154
2021-10-28,0.0,2.725,6.862
2021-10-29,0.0,2.628,7.008
2021-10-30,0.0,2.251,6.862
2021-10-31,0.0,2.476,7.154
2021-11-01,0.0,3.516,7.592
2021-11-02,0.0,3.206,7.738
2021-11-03,0.0,3.467,7.884
2021-11-04,0.0,4.191,7.884
2021-11-05,0.0,3.948,8.176
2021-11-06,0.0,3.547,8.176
2021-11-07,0.0,3.528,8.03
2021-11-08,0.0,3.395,7.738
2021-11-09,0.0,3.364,7.884
2021-11-10,0.0,3.559,8.03
2021-11-11,0.0,2.969,7.884
2021-11-12,0.0,3.121,8.176
2021-11-13,0.0,3.583,8.322
2021-11-14,0.0,3.236,8.322
2021-11-15,0.0,2.969,8.03
2021-11-16,0.0,3.175,8.176
2021-11-17,0.0,2.853,8.03
2021-11-18,0.0,2.871,8.176
2021-11-19,0.0,2.634,7.446
2021-11-20,0.0,2.841,8.03
2021-11-21,0.0,2.476,8.03
2021-11-22,0.0,2.464,7.738
2021-11-23,0.0,1.095,6.862
2021-11-24,0.0,1.965,8.176
2021-11-25,0.0,3.023,8.614
2021-11-26,0.0,2.154,7.592
2021-11-27,0.0,5.481,10.804
2021-11-28,0.0,3.809,10.658
2021-11-29,0.0,2.835,8.176
2021-11-30,0.0,3.964,8.322
2021-12-01,0.0,2.765,8.03
2021-12-02,0.0,2.902,8.176
2021-12-03,0.0,2.677,8.322
2021-12-04,0.0,2.704,8.03
2021-12-05,0.0,1.43,7.154
2021-12-06,0.0,0.0,0.0
2021-12-07,0.0,0.0,0.0
2021-12-08,0.0,1.612,8.03
2021-12-09,0.0,0.0,0.0
2021-12-10,0.0,0.961,8.03
2021-12-11,0.0,1.363,8.322
2021-12-12,0.0,2.896,9.052
2021-12-13,0.0,3.638,9.052
2021-12-14,0.0,3.279,9.052
2021-12-15,0.0,2.683,8.614
2021-12-16,0.0,0.584,7.3
2021-12-17,0.0,1.32,8.322
2021-12-18,0.0,0.0,0.0
2021-12-19,0.0,0.0,0.0
2021-12-20,0.0,0.0,0.0
2021-12-21,0.0,0.0,0.0
2021-12-22,0.0,0.0,0.0
2021-12-23,0.0,0.0,0.0
2021-12-24,0.0,0.0,0.0
2021-12-25,0.0,0.0,0.0
2021-12-26,0.0,0.0,0.0
2021-12-27,0.0,0.0,0.0
2021-12-28,0.0,0.0,0.0
2021-12-29,0.0,0.639,7.884
2021-12-30,0.0,1.059,8.76
2021-12-31,0.0,0.651,8.176
2022-01-01,0.0,0.7,8.906
2022-01-02,0.0,0.712,8.906
2022-01-03,0.0,1.073,8.468
2022-01-04,0.0,1.04,8.76
2022-01-05,0.0,0.0,0.0
2022-01-06,0.0,0.0,0.0
2022-01-07,0.0,0.0,0.0
2022-01-08,0.0,0.0,0.0
2022-01-09,0.0,0.0,0.0
2022-01-10,0.0,0.0,0.0
2022-01-11,0.0,0.0,0.0
2022-01-12,0.0,0.0,0.0
2022-01-13,0.0,0.0,0.0
2022-01-14,0.0,0.0,0.0
2022-01-15,0.0,0.0,0.0
2022-01-16,0.0,0.0,0.0
2022-01-17,0.0,0.712,9.344
2022-01-18,0.0,1.904,9.344
2022-01-19,0.0,2.533,9.344
2022-01-20,0.0,0.0,0.0
2022-01-21,0.0,1.028,8.468
2022-01-22,0.0,0.724,9.052
2022-01-23,0.0,0.937,8.322
2022-01-24,0.0,0.0,0.0
2022-01-25,0.0,0.0,0.0
2022-01-26,0.0,0.0,0.0
2022-01-27,0.0,0.0,0.0
2022-01-28,0.0,0.0,0.0
2022-01-29,0.0,0.0,0.0
2022-01-30,0.0,0.669,8.176
2022-01-31,0.0,0.0,0.0
2022-02-01,0.0,0.0,0.0
2022-02-02,0.0,0.0,0.0
2022-02-03,0.0,1.923,9.344
2022-02-04,0.0,3.644,10.658
2022-02-05,0.0,3.224,9.052
2022-02-06,0.0,1.977,8.322
2022-02-07,0.0,0.0,0.0
2022-02-08,0.0,0.0,0.0
2022-02-09,0.0,0.0,0.0
2022-02-10,0.0,0.0,0.0
2022-02-11,0.0,0.991,9.49
2022-02-12,0.0,2.555,8.03
2022-02-13,0.0,2.299,13.87
2022-02-14,0.0,3.887,12.556
2022-02-15,0.0,1.332,8.322
2022-02-16,0.0,2.008,8.614
2022-02-17,0.0,0.0,0.0
2022-02-18,0.0,0.0,0.0
2022-02-19,0.0,1.825,9.636
2022-02-20,0.0,2.344,9.198
2022-02-21,0.0,3.343,9.052
2022-02-22,0.0,1.35,8.176
2022-02-23,0.0,4.032,9.198
2022-02-24,0.0,3.842,9.782
2022-02-25,0.0,3.823,8.906
2022-02-26,0.0,2.445,8.614
2022-02-27,0.0,2.093,8.76
2022-02-28,0.0,2.634,9.052
2022-03-01,0.0,2.555,8.614
2022-03-02,0.0,0.0,0.0
2022-03-03,0.0,1.066,8.468
2022-03-04,0.0,1.74,8.614
2022-03-05,0.0,0.0,0.0
2022-03-06,0.0,5.913,12.264
2022-03-07,0.0,3.522,9.052
2022-03-08,0.0,2.896,8.03
2022-03-09,0.0,3.402,8.322
2022-03-10,0.0,2.993,8.614
2022-03-11,0.0,2.543,7.738
2022-03-12,0.0,2.628,8.176
2022-03-13,0.0,2.47,7.738
2022-03-14,0.0,2.184,8.322
2022-03-15,0.0,0.0,0.0
2022-03-16,0.0,0.0,0.0
2022-03-17,0.0,2.062,8.468
2022-03-18,0.0,3.553,9.052
2022-03-19,0.0,3.604,8.614
2022-03-20,0.0,2.379,8.468
2022-03-21,0.0,3.593,8.614
2022-03-22,0.0,3.504,8.468
2022-03-23,0.0,5.008,9.052
2022-03-24,0.0,4.009,9.052
2022-03-25,0.0,4.088,8.03
2022-03-26,0.0,4.249,8.468
2022-03-27,0.0,3.48,8.468
2022-03-28,0.0,3.832,8.322
2022-03-29,0.0,4.727,9.052
2022-03-30,0.0,4.861,8.906
2022-03-31,0.0,4.423,8.906
2022-04-01,0.0,4.07,8.614
2022-04-02,0.0,4.581,8.322
2022-04-03,0.0,4.885,8.614
2022-04-04,0.0,4.386,8.468
2022-04-05,0.0,4.252,8.468
2022-04-06,0.0,4.27,8.614
2022-04-07,0.0,4.605,8.614
2022-04-08,0.0,4.179,8.468
2022-04-09,0.0,4.569,8.468
2022-04-10,0.0,5.329,8.468
2022-04-11,0.0,5.53,8.906
2022-04-12,0.0,4.994,8.614
2022-04-13,0.0,4.769,8.468
2022-04-14,0.0,4.185,8.176
2022-04-15,0.0,4.757,11.68
2022-04-16,0.0,4.623,8.03
2022-04-17,0.0,4.907,8.322
2022-04-18,0.0,4.818,8.322
2022-04-19,0.0,4.926,8.906
2022-04-20,0.0,5.53,8.614
2022-04-21,0.0,5.402,8.614
2022-04-22,6.862,28.446,38.398
2022-04-23,28.616,35.551,43.8
2022-04-24,21.462,29.036,39.858
2022-04-25,0.0,14.661,25.696
2022-04-26,3.358,6.54,17.082
2022-04-27,12.118,16.991,20.148
2022-04-28,0.0,8.419,14.746
2022-04-29,0.0,3.869,6.716
2022-04-30,0.0,4.781,7.154
2022-05-01,0.0,4.915,7.154
2022-05-02,0.0,5.0,7.154
2022-05-03,0.0,4.051,6.862
2022-05-04,0.0,3.863,6.862
2022-05-05,0.0,4.502,7.008
2022-05-06,0.0,4.246,7.008
2022-05-07,0.0,3.62,6.132
2022-05-08,0.0,4.423,7.3
2022-05-09,0.0,4.423,7.154
2022-05-10,0.0,4.404,7.008
2022-05-11,0.0,4.05,6.424
2022-05-12,0.0,4.562,6.716
2022-05-13,0.0,4.982,7.446
2022-05-14,0.0,5.122,7.3
2022-05-15,0.0,5.11,7.446
2022-05-16,0.0,4.489,7.446
2022-05-17,0.0,4.173,6.132
2022-05-18,0.0,4.258,7.3
2022-05-19,0.0,4.879,7.446
2022-05-20,5.694,10.183,16.644
2022-05-21,0.0,9.155,16.206
2022-05-22,0.0,4.435,6.862
2022-05-23,2.628,6.783,8.614
2022-05-24,0.0,6.168,8.322
2022-05-25,0.0,4.642,7.592
2022-05-26,0.0,4.818,6.862
2022-05-27,2.482,5.08,7.3
2022-05-28,4.672,6.199,8.322
2022-05-29,5.84,7.665,9.052
2022-05-30,0.0,5.992,8.906
2022-05-31,4.38,6.57,8.322
2022-06-01,1.022,7.16,10.074
2022-06-02,10.512,13.383,15.184
2022-06-03,14.6,31.798,68.036
2022-06-04,70.664,77.909,84.68
2022-06-05,84.68,90.204,93.586
2022-06-06,93.732,94.425,95.046
2022-06-07,93.148,93.927,94.754
2022-06-08,93.44,95.545,97.674
2022-06-09,93.148,95.715,97.382
2022-06-10,91.688,92.229,92.856
2022-06-11,89.79,95.764,100.74
2022-06-12,97.09,98.775,100.302
2022-06-13,96.798,98.161,99.28
2022-06-14,96.506,97.887,99.864
2022-06-15,93.002,98.027,101.324
2022-06-16,92.126,98.1,101.47
2022-06-17,90.958,97.516,103.222
2022-06-18,93.732,96.725,99.572
2022-06-19,94.608,95.752,96.36
2022-06-20,92.856,95.551,98.258
2022-06-21,93.002,94.037,95.922
2022-06-22,93.148,94.862,96.944
2022-06-23,96.214,102.65,109.354
2022-06-24,108.186,110.194,111.398
2022-06-25,110.668,111.386,111.836
2022-06-26,108.04,110.291,111.836
2022-06-27,104.974,107.675,109.646
2022-06-28,106.58,108.351,109.646
2022-06-29,92.564,100.551,107.894
2022-06-30,90.374,92.132,94.17
2022-07-01,87.308,140.86,240.9
2022-07-02,215.058,226.367,233.454
2022-07-03,226.738,233.065,243.966
2022-07-04,231.848,233.32,235.79
2022-07-05,228.344,231.97,233.454
2022-07-06,219.292,233.022,243.82
2022-07-07,239.586,242.232,243.966
2022-07-08,240.17,257.076,267.034
2022-07-09,259.296,273.196,304.264
2022-07-10,309.52,348.989,376.096
2022-07-11,377.848,381.022,390.55
2022-07-12,371.132,375.329,378.14
2022-07-13,364.416,367.293,370.986
2022-07-14,365.73,403.203,434.496
2022-07-15,434.934,446.961,458.002
2022-07-16,451.286,457.838,460.922
2022-07-17,432.452,441.297,450.556
2022-07-18,422.086,426.422,432.014
2022-07-19,415.662,418.855,421.794
2022-07-20,410.26,413.417,415.954
2022-07-21,408.508,410.15,411.72
2022-07-22,408.07,410.279,413.91
2022-07-23,410.99,413.198,415.078
2022-07-24,410.552,413.01,414.786
2022-07-25,411.428,414.798,420.48
2022-07-26,420.188,423.376,425.736
2022-07-27,416.83,419.932,424.714
2022-07-28,408.07,413.259,417.268
2022-07-29,403.69,405.685,407.924
2022-07-30,402.23,403.544,405.15
2022-07-31,401.5,403.641,405.588
2022-08-01,397.996,400.94,402.814
2022-08-02,394.492,399.486,401.5
2022-08-03,390.55,397.753,400.916
2022-08-04,386.024,396.804,400.916
2022-08-05,382.52,396.08,401.792
2022-08-06,389.09,397.844,407.778
2022-08-07,409.968,419.312,428.51
2022-08-08,429.24,431.327,432.452
2022-08-09,427.05,429.593,431.284
2022-08-10,423.108,426.326,428.656
2022-08-11,421.21,424.397,426.174
2022-08-12,417.852,421.435,424.422
2022-08-13,405.88,412.361,417.998
2022-08-14,399.748,404.098,407.194
2022-08-15,396.244,399.559,401.938
2022-08-16,399.894,405.661,427.196
2022-08-17,430.846,440.355,443.694
2022-08-18,428.51,436.139,453.622
2022-08-19,441.942,443.463,451.286
2022-08-20,443.986,445.422,446.76
2022-08-21,446.03,449.169,453.184
2022-08-22,445.884,452.758,456.25
2022-08-23,449.826,458.975,467.638
2022-08-24,460.484,470.765,480.34
2022-08-25,474.938,482.804,491.728
2022-08-26,462.82,472.675,483.114
2022-08-27,456.542,463.976,470.996
2022-08-28,463.988,467.316,470.412
2022-08-29,456.396,461.001,464.426
2022-08-30,451.87,458.039,462.382
2022-08-31,445.738,451.826,453.622
2022-09-01,440.336,455.119,459.9
2022-09-02,442.234,455.557,463.696
2022-09-03,423.4,443.864,458.732
2022-09-04,398.142,427.172,445.738
2022-09-05,379.162,402.978,424.568
2022-09-06,356.97,375.098,392.74
2022-09-07,345.29,353.551,363.394
2022-09-08,336.53,350.4,364.854
2022-09-09,319.74,346.129,365.876
2022-09-10,314.776,328.658,344.122
2022-09-11,304.556,322.149,335.508
2022-09-12,299.008,321.465,344.122
2022-09-13,299.738,316.552,329.376
2022-09-14,278.422,307.829,338.72
2022-09-15,261.632,280.053,305.578
2022-09-16,250.098,264.363,281.634
2022-09-17,244.258,259.886,284.408
2022-09-18,245.134,262.973,284.992
2022-09-19,218.562,234.945,283.532
2022-09-20,180.164,208.211,233.6
2022-09-21,141.036,178.432,234.476
2022-09-22,134.904,248.638,286.16
2022-09-23,215.934,241.89,265.574
2022-09-24,213.16,220.365,231.118
2022-09-25,231.702,240.103,251.85
2022-09-26,223.234,247.458,279.444
2022-09-27,228.782,236.538,243.966
2022-09-28,228.198,238.672,248.054
2022-09-29,212.868,224.609,241.192
2022-09-30,198.706,211.067,230.534
2022-10-01,156.512,184.958,207.028
2022-10-02,101.324,142.052,174.616
2022-10-03,36.062,85.501,123.954
2022-10-04,19.71,37.254,75.19
2022-10-05,19.418,30.106,39.128
2022-10-06,0.0,21.517,43.8
2022-10-07,0.0,4.642,8.468
2022-10-08,0.0,5.402,9.052
2022-10-09,0.0,5.134,11.68
2022-10-10,0.0,4.581,7.884
2022-10-11,0.0,4.526,8.03
2022-10-12,0.0,4.544,8.03
2022-10-13,0.0,4.562,7.884
2022-10-14,0.0,4.38,8.03
2022-10-15,0.0,4.149,7.884
2022-10-16,0.0,4.07,7.884
2022-10-17,0.0,4.581,8.176
2022-10-18,0.0,4.848,8.322
2022-10-19,0.0,7.641,12.702
2022-10-20,0.0,7.61,13.724
2022-10-21,0.0,4.015,7.738
2022-10-22,0.0,4.137,7.884
2022-10-23,0.0,4.173,7.884
2022-10-24,0.0,3.723,7.884
2022-10-25,0.0,4.806,8.468
2022-10-26,0.0,4.538,8.614
2022-10-27,0.0,3.893,7.884
2022-10-28,0.0,4.173,8.03
2022-10-29,0.0,3.577,7.008
2022-10-30,0.0,4.12,7.738
2022-10-31,0.0,4.617,8.614
2022-11-01,0.0,3.413,7.3
2022-11-02,0.0,3.102,7.3
2022-11-03,0.0,2.969,7.154
2022-11-04,0.0,3.376,8.176
2022-11-05,0.0,3.321,8.176
2022-11-06,0.0,3.339,8.176
2022-11-07,0.0,3.121,7.884
2022-11-08,0.0,3.023,7.884
2022-11-09,0.0,3.997,8.322
2022-11-10,0.0,4.337,8.322
2022-11-11,0.0,4.727,8.614
2022-11-12,0.0,7.592,12.848
2022-11-13,0.0,9.079,20.148
2022-11-14,0.0,3.638,8.322
2022-11-15,0.0,3.028,7.592
2022-11-16,0.0,3.079,7.446
2022-11-17,0.0,2.744,7.884
2022-11-18,0.0,3.015,8.03
2022-11-19,0.0,3.015,8.322
2022-11-20,0.0,3.923,8.468
2022-11-21,0.0,3.571,8.906
2022-11-22,0.0,2.993,8.468
2022-11-23,0.0,2.653,8.03
2022-11-24,0.0,0.0,0.0
2022-11-25,0.0,0.0,0.0
2022-11-26,0.0,0.0,0.0
2022-11-27,0.0,0.0,0.0
2022-11-28,0.0,0.0,0.0
2022-11-29,0.0,0.335,8.03
2022-11-30,0.0,1.466,8.906
2022-12-01,0.0,3.084,9.636
2022-12-02,0.0,2.774,8.906
2022-12-03,0.0,2.16,8.906
2022-12-04,0.0,2.141,8.906
2022-12-05,0.0,0.723,8.322
2022-12-06,0.0,1.918,8.614
2022-12-07,0.0,0.663,8.322
2022-12-08,0.0,1.381,8.614
2022-12-09,0.0,0.0,0.0
2022-12-10,0.0,0.0,0.0
2022-12-11,0.0,0.0,0.0
2022-12-12,0.0,0.0,0.0
2022-12-13,0.0,0.0,0.0
2022-12-14,0.0,0.0,0.0
2022-12-15,0.0,0.359,8.614
2022-12-16,0.0,0.0,0.0
2022-12-17,0.0,1.593,9.344
2022-12-18,0.0,2.306,9.636
2022-12-19,0.0,0.0,0.0
2022-12-20,0.0,1.15,9.636
2022-12-21,0.0,1.095,9.198
2022-12-22,0.0,1.15,9.782
2022-12-23,0.0,1.503,9.198
2022-12-24,0.0,2.196,9.49
2022-12-25,0.0,5.147,10.95
2022-12-26,0.0,3.869,9.636
2022-12-27,0.0,4.272,9.49
2022-12-28,0.0,3.309,9.052
2022-12-29,0.0,2.306,8.176
2022-12-30,0.0,1.664,8.906
2022-12-31,0.0,6.448,11.972
2023-01-01,0.0,3.924,10.22
2023-01-02,0.0,3.109,8.468
2023-01-03,0.0,3.121,8.614
2023-01-04,0.0,2.001,7.154
2023-01-05,0.0,0.305,7.008
2023-01-06,0.0,2.689,8.322
2023-01-07,0.0,3.826,9.782
2023-01-08,0.0,3.747,9.636
2023-01-09,0.0,3.315,8.76
2023-01-10,0.0,3.853,9.344
2023-01-11,0.0,3.413,9.636
2023-01-12,0.0,3.735,8.176
2023-01-13,0.0,3.279,8.76
2023-01-14,0.0,3.121,8.468
2023-01-15,0.0,2.75,8.468
2023-01-16,0.0,1.733,8.176
2023-01-17,0.0,2.171,8.614
2023-01-18,0.0,1.235,7.592
2023-01-19,0.0,0.0,0.0
2023-01-20,0.0,0.0,0.0
2023-01-21,0.0,0.712,8.614
2023-01-22,0.0,0.0,0.0
2023-01-23,0.0,0.0,0.0
2023-01-24,0.0,0.0,0.0
2023-01-25,0.0,0.0,0.0
2023-01-26,0.0,1.46,9.198
2023-01-27,0.0,0.712,8.76
2023-01-28,0.0,0.0,0.0
2023-01-29,0.0,0.0,0.0
2023-01-30,0.0,0.0,0.0
2023-01-31,0.0,0.0,0.0
2023-02-01,0.0,0.0,0.0
2023-02-02,0.0,0.0,0.0
2023-02-03,0.0,0.0,0.0
2023-02-04,0.0,0.0,0.0
2023-02-05,0.0,0.0,0.0
2023-02-06,0.0,0.0,0.0
2023-02-07,0.0,0.0,0.0
2023-02-08,0.0,0.0,0.0
2023-02-09,0.0,0.0,0.0
2023-02-10,0.0,0.0,0.0
2023-02-11,0.0,0.0,0.0
2023-02-12,0.0,0.0,0.0
2023-02-13,0.0,0.0,0.0
2023-02-14,0.0,0.0,0.0
2023-02-15,0.0,0.0,0.0
2023-02-16,0.0,0.0,0.0
2023-02-17,0.0,1.2,9.782
2023-02-18,0.0,1.587,9.49
2023-02-19,0.0,2.281,9.49
2023-02-20,0.0,2.266,9.052
2023-02-21,0.0,2.818,11.68
2023-02-22,0.0,4.012,9.782
2023-02-23,0.0,2.865,9.052
2023-02-24,0.0,1.06,8.468
2023-02-25,0.0,2.683,9.49
2023-02-26,0.0,3.042,9.636
2023-02-27,0.0,0.0,0.0
2023-02-28,0.0,0.353,8.468
2023-03-01,0.0,0.0,0.0
2023-03-02,0.0,0.0,0.0
2023-03-03,0.0,0.0,0.0
2023-03-04,0.0,0.0,0.0
2023-03-05,0.0,0.0,0.0
2023-03-06,0.0,0.0,0.0
2023-03-07,0.0,1.581,9.344
2023-03-08,0.0,1.174,9.636
2023-03-09,0.0,1.065,8.76
2023-03-10,0.0,0.0,0.0
2023-03-11,0.0,0.0,0.0
2023-03-12,0.0,0.0,0.0
2023-03-13,0.0,1.162,9.198
2023-03-14,0.0,2.256,14.308
2023-03-15,0.0,3.91,12.556
2023-03-16,0.0,0.0,0.0
2023-03-17,0.0,1.085,8.76
2023-03-18,0.0,0.0,0.0
2023-03-19,0.0,0.0,0.0
2023-03-20,0.0,0.718,8.906
2023-03-21,0.0,1.234,9.198
2023-03-22,0.0,1.107,9.052
2023-03-23,0.0,1.923,9.49
2023-03-24,0.0,0.736,9.344
2023-03-25,0.0,2.608,8.76
2023-03-26,0.0,0.681,8.322
2023-03-27,0.0,0.377,9.052
2023-03-28,0.0,2.543,9.198
2023-03-29,0.0,2.512,9.052
2023-03-30,0.0,2.859,9.198
2023-03-31,0.0,3.176,8.906
2023-04-01,0.0,0.349,8.03
2023-04-02,0.0,1.424,8.906
2023-04-03,0.0,3.37,9.49
2023-04-04,0.0,3.583,9.052
2023-04-05,0.0,4.003,9.198
2023-04-06,0.0,4.35,9.49
2023-04-07,0.0,3.833,9.052
2023-04-08,0.0,3.401,8.906
2023-04-09,0.0,3.796,8.76
2023-04-10,0.0,4.112,9.344
2023-04-11,0.0,4.569,9.636
2023-04-12,0.0,4.718,9.49
2023-04-13,0.0,4.155,9.49
2023-04-14,0.0,5.967,9.636
2023-04-15,0.0,6.049,9.928
2023-04-16,0.0,6.108,10.22
2023-04-17,0.0,6.838,10.074
2023-04-18,0.0,6.351,9.782
2023-04-19,0.0,4.362,9.198
2023-04-20,0.0,4.636,9.052
2023-04-21,0.0,5.116,9.49
2023-04-22,0.0,5.597,9.344
2023-04-23,0.0,6.01,11.096
2023-04-24,0.0,5.372,9.344
2023-04-25,0.0,5.384,8.906
2023-04-26,0.0,4.325,8.614
2023-04-27,0.0,4.721,8.614
2023-04-28,0.0,4.459,7.738
2023-04-29,0.0,5.664,9.344
2023-04-30,0.0,5.779,9.052
2023-05-01,0.0,6.114,9.636
2023-05-02,0.0,6.278,9.636
2023-05-03,0.0,6.151,9.782
2023-05-04,0.0,5.967,9.636
2023-05-05,0.0,5.535,8.906
2023-05-06,0.0,5.895,9.344
2023-05-07,0.0,5.954,9.052
2023-05-08,0.0,5.37,9.052
2023-05-09,0.0,5.135,8.76
2023-05-10,0.0,4.453,8.322
2023-05-11,0.0,4.94,8.906
2023-05-12,0.0,4.788,8.76
2023-05-13,0.0,4.629,8.906
2023-05-14,0.0,4.57,8.176
2023-05-15,0.0,3.273,7.738
2023-05-16,0.0,4.805,9.344
2023-05-17,0.0,7.27,9.782
2023-05-18,0.0,5.694,9.344
2023-05-19,0.0,6.367,9.49
2023-05-20,0.0,6.223,9.636
2023-05-21,6.424,7.526,9.344
2023-05-22,7.738,13.359,15.476
2023-05-23,8.03,14.46,29.2
2023-05-24,29.492,31.134,32.12
2023-05-25,29.784,34.468,49.786
2023-05-26,45.844,48.253,50.078
2023-05-27,45.114,47.493,48.764
2023-05-28,45.26,46.373,47.304
2023-05-29,39.128,44.554,46.72
2023-05-30,38.252,41.61,45.552
2023-05-31,36.208,39.609,45.26
2023-06-01,35.624,41.148,52.414
2023-06-02,35.77,42.62,50.224
2023-06-03,39.128,43.131,48.472
2023-06-04,18.104,31.609,42.632
2023-06-05,0.0,15.877,29.638
2023-06-06,0.0,4.544,7.008
2023-06-07,0.0,4.927,7.154
2023-06-08,0.0,4.945,7.008
2023-06-09,0.0,6.217,7.884
2023-06-10,5.986,7.821,9.928
2023-06-11,0.0,9.338,17.52
2023-06-12,0.0,6.983,9.782
2023-06-13,0.0,6.272,9.052
2023-06-14,0.0,5.339,7.884
2023-06-15,0.0,5.372,7.446
2023-06-16,0.0,4.958,7.592
2023-06-17,0.0,5.493,7.3
2023-06-18,0.0,5.007,7.592
2023-06-19,0.0,5.816,8.468
2023-06-20,0.0,5.864,8.614
2023-06-21,8.614,11.662,19.418
2023-06-22,21.754,76.522,127.02
2023-06-23,133.298,206.073,257.106
2023-06-24,314.922,327.409,332.15
2023-06-25,310.542,314.934,325.142
2023-06-26,304.848,308.273,310.542
2023-06-27,301.198,302.956,304.848
2023-06-28,294.336,297.895,301.49
2023-06-29,294.044,295.078,296.38
2023-06-30,296.672,299.13,303.242
2023-07-01,302.512,303.619,304.41
2023-07-02,303.242,304.629,306.746
2023-07-03,229.95,275.934,302.95
2023-07-04,196.224,212.661,226.446
2023-07-05,215.058,232.931,247.178
2023-07-06,248.346,255.665,260.902
2023-07-07,260.902,264.728,266.304
2023-07-08,261.194,264.303,266.304
2023-07-09,261.486,263.591,266.888
2023-07-10,254.916,265.72,270.684
2023-07-11,258.712,267.296,276.67
2023-07-12,281.05,324.333,344.56
2023-07-13,337.844,341.238,344.122
2023-07-14,330.398,334.662,337.552
2023-07-15,330.106,351.659,367.336
2023-07-16,358.138,364.112,366.898
2023-07-17,312.586,333.154,356.386
2023-07-18,307.476,310.086,311.71
2023-07-19,289.518,300.608,307.768
2023-07-20,272.874,279.584,288.496
2023-07-21,271.706,273.926,279.152
2023-07-22,279.59,285.667,292.0
2023-07-23,292.146,294.439,295.212
2023-07-24,282.656,288.088,295.066
2023-07-25,286.598,294.336,306.308
2023-07-26,307.914,322.046,330.836
2023-07-27,327.186,332.339,337.26
2023-07-28,323.828,325.641,332.296
2023-07-29,330.252,335.648,339.742
2023-07-30,325.434,330.722,335.654
2023-07-31,326.164,331.646,336.822
2023-08-01,324.996,332.326,340.472
2023-08-02,319.302,327.423,336.238
2023-08-03,315.506,322.995,330.982
2023-08-04,305.286,316.644,325.58
2023-08-05,299.738,308.447,317.988
2023-08-06,289.372,301.131,314.484
2023-08-07,278.86,291.617,314.338
2023-08-08,259.734,271.073,282.656
2023-08-09,256.814,261.206,265.866
2023-08-10,227.614,262.678,281.926
2023-08-11,160.892,212.692,255.208
2023-08-12,163.374,230.875,261.34
2023-08-13,180.894,238.801,260.756
2023-08-14,218.562,248.346,274.188
2023-08-15,243.528,251.424,260.61
2023-08-16,247.762,269.784,306.746
2023-08-17,290.978,304.945,320.908
2023-08-18,250.682,288.928,308.352
2023-08-19,279.736,370.578,451.87
2023-08-20,444.862,503.53,586.628
2023-08-21,495.378,537.128,616.704
2023-08-22,476.544,520.673,634.662
2023-08-23,461.214,598.667,690.142
2023-08-24,688.682,702.12,712.334
2023-08-25,631.888,658.211,686.638
2023-08-26,607.36,616.868,630.282
2023-08-27,601.52,603.911,607.36
2023-08-28,605.024,618.407,627.07
2023-08-29,627.654,633.105,641.67
2023-08-30,640.356,646.378,655.54
2023-08-31,648.24,654.676,658.168
2023-09-01,653.204,661.8,684.74
2023-09-02,688.682,706.944,722.408
2023-09-03,723.138,731.551,742.41
2023-09-04,743.286,757.226,781.246
2023-09-05,782.414,797.239,818.768
2023-09-06,820.666,850.845,879.796
2023-09-07,880.964,893.909,911.186
2023-09-08,913.084,953.003,979.076
2023-09-09,976.156,981.284,991.778
2023-09-10,992.07,1010.77,1029.3
2023-09-11,1023.02,1059.345,1072.08
2023-09-12,1072.52,1076.677,1079.96
2023-09-13,1079.82,1082.451,1086.97
2023-09-14,1087.41,1090.705,1092.37
2023-09-15,1092.96,1100.177,1107.12
2023-09-16,1087.41,1097.476,1112.67
2023-09-17,1076.17,1094.188,1111.94
2023-09-18,1095.15,1108.918,1117.63
2023-09-19,1107.99,1115.585,1119.38
2023-09-20,1113.4,1118.7,1123.03
2023-09-21,1112.81,1114.795,1116.61
2023-09-22,1113.98,1115.987,1120.4
2023-09-23,1121.28,1125.112,1126.97
2023-09-24,1123.76,1127.748,1130.77
2023-09-25,1120.7,1123.282,1125.95
2023-09-26,1128.87,1138.767,1153.98
2023-09-27,1132.52,1150.164,1163.33
2023-09-28,1113.54,1138.965,1158.8
2023-09-29,1086.68,1110.306,1128.58
2023-09-30,1026.09,1074.573,1100.55
2023-10-01,980.536,1031.464,1055.73
2023-10-02,980.682,997.75,1003.6
2023-10-03,991.632,996.641,1001.56
2023-10-04,973.674,989.053,998.056
2023-10-05,955.424,965.441,974.404
2023-10-06,942.284,951.47,962.14
2023-10-07,905.346,932.94,946.08
2023-10-08,856.728,885.186,901.112
2023-10-09,789.13,835.539,854.684
2023-10-10,769.712,778.186,787.67
2023-10-11,746.644,777.45,801.978
2023-10-12,677.148,720.291,750.586
2023-10-13,618.456,643.949,673.06
2023-10-14,534.36,592.392,616.996
2023-10-15,452.746,496.43,528.082
2023-10-16,356.24,401.58,439.314
2023-10-17,278.86,322.502,354.342
2023-10-18,226.154,261.005,277.692
2023-10-19,139.284,191.643,260.756
2023-10-20,117.238,132.256,140.744
2023-10-21,96.798,114.087,123.808
2023-10-22,35.77,72.757,96.652
2023-10-23,0.0,20.331,42.924
2023-10-24,0.0,4.78,9.344
2023-10-25,0.0,4.891,9.198
2023-10-26,0.0,5.548,9.928
2023-10-27,0.0,5.353,9.636
2023-10-28,0.0,6.479,9.636
2023-10-29,9.344,27.424,41.318
2023-10-30,35.332,36.999,41.61
2023-10-31,30.806,33.891,39.128
2023-11-01,28.178,33.732,47.596
2023-11-02,48.326,61.948,74.022
2023-11-03,60.152,71.875,75.628
2023-11-04,5.694,41.796,66.576
2023-11-05,0.0,4.605,11.826
2023-11-06,0.0,3.893,8.76
2023-11-07,0.0,4.24,8.906
2023-11-08,0.0,4.027,8.468
2023-11-09,0.0,4.824,9.344
2023-11-10,0.0,12.018,29.492
2023-11-11,1.168,5.87,9.49
2023-11-12,0.0,4.234,7.884
2023-11-13,0.0,4.666,9.052
2023-11-14,0.0,4.715,9.052
2023-11-15,0.0,6.113,9.198
2023-11-16,0.0,4.891,9.198
2023-11-17,5.694,7.939,10.22
2023-11-18,0.0,5.39,10.074
2023-11-19,0.0,3.857,8.03
2023-11-20,0.0,3.723,8.614
2023-11-21,0.0,4.064,8.468
2023-11-22,0.0,4.271,8.906
2023-11-23,0.0,3.553,8.614
2023-11-24,0.0,3.638,8.76
2023-11-25,0.0,3.37,8.468
2023-11-26,0.0,3.06,8.468
2023-11-27,0.0,2.893,8.322
2023-11-28,0.0,3.866,9.198
2023-11-29,0.0,3.599,9.49
2023-11-30,0.0,3.683,9.344
2023-12-01,0.0,3.966,9.782
2023-12-02,0.0,4.143,9.928
2023-12-03,0.0,3.899,9.636
2023-12-04,0.0,3.845,9.49
2023-12-05,0.0,4.441,9.928
2023-12-06,0.0,4.204,10.366
2023-12-07,0.0,3.244,10.074
2023-12-08,0.0,1.789,8.906
2023-12-09,0.0,2.841,10.074
2023-12-10,0.0,1.436,8.906
2023-12-11,0.0,1.168,9.782
2023-12-12,0.0,1.551,9.636
2023-12-13,0.0,1.204,9.782
2023-12-14,0.0,0.0,0.0
2023-12-15,0.0,1.624,9.928
2023-12-16,0.0,0.0,0.0
2023-12-17,0.0,1.679,10.366
2023-12-18,0.0,2.133,10.074
2023-12-19,0.0,1.673,10.22
2023-12-20,0.0,2.573,10.658
2023-12-21,0.0,1.624,10.074
2023-12-22,0.0,1.238,9.928
2023-12-23,0.0,0.0,0.0
2023-12-24,0.0,0.779,9.636
2023-12-25,0.0,0.0,0.0
2023-12-26,0.0,0.0,0.0
2023-12-27,0.0,0.0,0.0
2023-12-28,0.0,0.0,0.0
2023-12-29,0.0,0.0,0.0
2023-12-30,0.0,0.0,0.0
2023-12-31,0.0,0.833,10.366
2024-01-01,0.0,0.401,9.636
2024-01-02,0.0,0.0,0.0
2024-01-03,0.0,0.0,0.0
2024-01-04,0.0,0.0,0.0
2024-01-05,0.0,0.0,0.0
2024-01-06,0.0,0.0,0.0
2024-01-07,0.0,0.0,0.0
2024-01-08,0.0,1.241,10.074
2024-01-09,0.0,0.0,0.0
2024-01-10,0.0,0.395,9.49
2024-01-11,0.0,0.0,0.0
2024-01-12,0.0,0.0,0.0
2024-01-13,0.0,0.821,10.074
2024-01-14,0.0,0.809,9.928
2024-01-15,0.0,0.0,0.0
2024-01-16,0.0,0.858,10.658
2024-01-17,0.0,0.0,0.0
2024-01-18,0.0,0.0,0.0
2024-01-19,0.0,0.0,0.0
2024-01-20,0.0,0.0,0.0
2024-01-21,0.0,0.0,0.0
2024-01-22,0.0,0.0,0.0
2024-01-23,0.0,0.0,0.0
2024-01-24,0.0,0.0,0.0
2024-01-25,0.0,0.0,0.0
2024-01-26,0.0,0.0,0.0
2024-01-27,0.0,0.0,0.0
2024-01-28,0.0,0.0,0.0
2024-01-29,0.0,0.0,0.0
2024-01-30,0.0,0.0,0.0
2024-01-31,0.0,0.0,0.0
2024-02-01,0.0,0.0,0.0
2024-02-02,0.0,0.0,0.0
2024-02-03,0.0,0.0,0.0
2024-02-04,0.0,0.0,0.0
2024-02-05,0.0,0.0,0.0
2024-02-06,0.0,0.0,0.0
2024-02-07,0.0,0.0,0.0
2024-02-08,0.0,0.0,0.0
2024-02-09,0.0,0.0,0.0
2024-02-10,0.0,0.0,0.0
2024-02-11,0.0,0.0,0.0
2024-02-12,0.0,0.0,0.0
2024-02-13,0.0,0.0,0.0
2024-02-14,0.0,0.0,0.0
2024-02-15,0.0,0.0,0.0
2024-02-16,0.0,0.0,0.0
2024-02-17,0.0,0.0,0.0
2024-02-18,0.0,0.0,0.0
2024-02-19,0.0,0.0,0.0
2024-02-20,0.0,0.0,0.0
2024-02-21,0.0,0.0,0.0
2024-02-22,0.0,1.054,12.118
2024-02-23,0.0,5.846,11.972
2024-02-24,0.0,5.218,10.658
2024-02-25,0.0,3.726,9.928
2024-02-26,0.0,2.0,9.344
2024-02-27,0.0,1.46,9.198
2024-02-28,0.0,0.0,0.0
2024-02-29,0.0,0.0,0.0
2024-03-01,0.0,0.0,0.0
2024-03-02,0.0,0.0,0.0
2024-03-03,0.0,0.0,0.0
2024-03-04,0.0,0.0,0.0
2024-03-05,0.0,0.0,0.0
2024-03-06,0.0,0.0,0.0
2024-03-07,0.0,0.0,0.0
2024-03-08,0.0,0.0,0.0
2024-03-09,0.0,0.401,9.636
2024-03-10,0.0,0.0,0.0
2024-03-11,0.0,0.0,0.0
2024-03-12,0.0,0.0,0.0
2024-03-13,0.0,0.0,0.0
2024-03-14,0.0,0.0,0.0
2024-03-15,0.0,0.0,0.0
2024-03-16,0.0,0.0,0.0
2024-03-17,0.0,0.0,0.0
2024-03-18,0.0,0.0,0.0
2024-03-19,0.0,0.0,0.0
2024-03-20,0.0,0.0,0.0
2024-03-21,0.0,0.0,0.0
2024-03-22,0.0,0.0,0.0
2024-03-23,0.0,0.0,0.0
2024-03-24,0.0,0.0,0.0
2024-03-25,0.0,0.0,0.0
2024-03-26,0.0,0.0,0.0
2024-03-27,0.0,0.0,0.0
2024-03-28,0.0,0.0,0.0
2024-03-29,0.0,0.0,0.0
2024-03-30,0.0,0.0,0.0
2024-03-31,0.0,0.0,0.0
2024-04-01,0.0,0.0,0.0
2024-04-02,0.0,3.614,10.074
2024-04-03,0.0,1.886,9.782
2024-04-04,0.0,4.727,10.366
2024-04-05,0.0,4.526,10.366
2024-04-06,0.0,4.331,10.512
2024-04-07,0.0,4.313,10.074
2024-04-08,0.0,4.654,9.782
2024-04-09,0.0,4.386,9.928
2024-04-10,0.0,4.928,10.22
2024-04-11,0.0,4.94,10.22
2024-04-12,0.0,5.073,9.782
2024-04-13,1.168,14.18,24.674
2024-04-14,0.0,6.698,10.366
2024-04-15,6.278,9.744,11.972
2024-04-16,0.0,7.373,12.994
2024-04-17,0.0,5.256,9.344
2024-04-18,0.0,4.642,8.614
2024-04-19,0.0,4.824,8.76
2024-04-20,0.0,4.8,8.322
2024-04-21,0.0,6.686,8.322
2024-04-22,0.0,5.81,8.76
2024-04-23,0.0,5.962,9.49
2024-04-24,0.0,5.542,9.636
2024-04-25,0.0,5.749,9.636
2024-04-26,0.0,5.992,9.344
2024-04-27,0.0,6.351,10.074
2024-04-28,4.38,7.689,10.22
2024-04-29,0.0,7.458,10.366
2024-04-30,0.0,6.564,9.344
2024-05-01,3.504,7.841,10.658
2024-05-02,0.0,7.799,10.95
2024-05-03,0.0,6.953,10.512
2024-05-04,0.0,6.357,8.176
2024-05-05,3.358,7.044,9.636
2024-05-06,0.292,7.507,9.636
2024-05-07,8.614,15.531,31.682
2024-05-08,29.784,32.448,34.31
2024-05-09,28.616,32.29,35.916
2024-05-10,26.718,32.497,37.96
2024-05-11,25.988,33.32,39.274
2024-05-12,23.798,33.647,40.588
2024-05-13,25.842,36.537,43.362
2024-05-14,30.368,38.666,44.822
2024-05-15,33.434,37.954,44.822
2024-05-16,36.646,43.143,45.698
2024-05-17,38.982,42.675,46.282
2024-05-18,39.128,44.414,47.158
2024-05-19,34.456,40.959,46.428
2024-05-20,34.894,41.513,57.232
2024-05-21,57.378,71.053,77.818
2024-05-22,78.986,105.152,134.028
2024-05-23,134.32,160.053,167.024
2024-05-24,166.878,169.196,179.288
2024-05-25,182.792,185.353,185.858
2024-05-26,173.156,178.771,184.252
2024-05-27,171.842,173.29,174.324
2024-05-28,170.382,171.149,171.988
2024-05-29,165.418,168.606,171.258
2024-05-30,163.666,164.42,165.418
2024-05-31,159.14,162.437,164.104
2024-06-01,157.242,157.966,158.848
2024-06-02,157.242,157.85,158.556
2024-06-03,158.264,161.731,167.608
2024-06-04,160.746,164.28,167.9
2024-06-05,151.84,156.968,162.644
2024-06-06,146.438,148.233,151.84
2024-06-07,146.146,147.758,148.628
2024-06-08,144.54,146.225,147.752
2024-06-09,145.27,163.502,172.28
2024-06-10,166.002,172.949,178.12
2024-06-11,166.44,171.733,175.054
2024-06-12,159.578,166.732,172.426
2024-06-13,153.446,227.267,321.2
2024-06-14,319.594,379.332,406.026
2024-06-15,401.062,405.126,408.946
2024-06-16,405.15,408.009,409.968
2024-06-17,400.186,406.257,422.086
2024-06-18,424.568,456.439,484.866
2024-06-19,487.202,491.612,498.152
2024-06-20,489.538,491.521,495.378
2024-06-21,489.83,527.273,578.014
2024-06-22,581.372,606.6,621.814
2024-06-23,614.66,624.107,637.29
2024-06-24,614.368,634.194,673.79
2024-06-25,675.25,683.043,686.492
2024-06-26,685.324,687.508,689.85
2024-06-27,686.346,688.335,691.894
2024-06-28,677.44,682.483,686.054
2024-06-29,676.71,678.705,680.652
2024-06-30,650.284,657.627,676.856
2024-07-01,650.576,652.425,655.54
2024-07-02,652.474,655.43,657.584
2024-07-03,657.876,659.859,661.526
2024-07-04,660.358,662.14,666.052
2024-07-05,664.592,667.281,668.242
2024-07-06,659.774,660.735,664.008
2024-07-07,661.818,662.505,663.278
2024-07-08,662.694,663.467,664.008
2024-07-09,661.38,663.144,664.008
2024-07-10,657.438,661.903,664.008
2024-07-11,651.452,653.983,657.0
2024-07-12,648.386,654.427,657.438
2024-07-13,652.182,655.622,657.0
2024-07-14,651.89,653.496,655.394
2024-07-15,654.956,657.811,660.796
2024-07-16,658.168,662.134,666.198
2024-07-17,660.65,664.58,666.49
2024-07-18,656.562,659.573,664.154
2024-07-19,655.686,656.976,658.46
2024-07-20,651.744,654.421,657.146
2024-07-21,639.188,647.437,652.766
2024-07-22,639.042,641.469,645.904
2024-07-23,634.808,640.21,650.138
2024-07-24,629.406,636.055,647.656
2024-07-25,625.172,633.804,644.006
2024-07-26,610.426,620.214,630.282
2024-07-27,593.198,604.063,614.806
2024-07-28,586.482,595.753,603.71
2024-07-29,579.62,595.954,605.462
2024-07-30,592.322,600.194,608.09
2024-07-31,596.848,603.035,606.192
2024-08-01,595.68,601.477,607.944
2024-08-02,609.258,647.285,668.68
2024-08-03,663.716,667.488,668.534
2024-08-04,664.3,665.93,668.242
2024-08-05,662.11,664.355,666.198
2024-08-06,662.402,665.273,667.95
2024-08-07,663.57,666.557,671.454
2024-08-08,660.358,666.113,671.016
2024-08-09,645.32,657.073,664.592
2024-08-10,630.282,647.121,656.27
2024-08-11,645.904,659.27,670.14
2024-08-12,604.002,633.013,662.548
2024-08-13,586.774,597.475,605.462
2024-08-14,579.328,590.266,598.454
2024-08-15,581.08,593.332,602.834
2024-08-16,579.328,590.448,599.476
2024-08-17,581.956,591.902,597.432
2024-08-18,587.65,596.051,602.25
2024-08-19,583.124,594.664,600.498
2024-08-20,594.658,603.272,618.894
2024-08-21,620.938,627.843,638.75
2024-08-22,637.582,643.963,652.182
2024-08-23,620.646,629.005,636.852
2024-08-24,619.186,633.597,654.956
2024-08-25,658.46,675.055,696.128
2024-08-26,583.416,628.451,684.886
2024-08-27,552.61,585.947,617.58
2024-08-28,585.752,606.709,625.172
2024-08-29,621.814,637.552,652.182
2024-08-30,633.932,648.471,666.198
2024-08-31,615.098,646.166,671.162
2024-09-01,629.114,642.321,652.766
2024-09-02,632.18,647.364,665.906
2024-09-03,667.22,673.486,683.28
2024-09-04,675.396,681.595,692.916
2024-09-05,677.148,691.669,703.866
2024-09-06,696.42,703.665,711.02
2024-09-07,703.136,708.551,712.188
2024-09-08,698.902,703.994,705.91
2024-09-09,698.026,703.982,707.224
2024-09-10,696.274,700.149,704.742
2024-09-11,656.562,686.997,713.502
2024-09-12,632.326,656.24,672.038
2024-09-13,637.582,657.627,688.098
2024-09-14,606.046,634.042,654.956
2024-09-15,574.072,595.471,605.754
2024-09-16,560.056,570.174,576.408
2024-09-17,530.564,550.32,570.86
2024-09-18,505.452,522.887,538.594
2024-09-19,482.092,511.42,534.798
2024-09-20,468.076,493.894,511.292
2024-09-21,464.134,480.024,504.722
2024-09-22,457.418,467.608,485.888
2024-09-23,488.662,527.857,558.45
2024-09-24,560.64,566.055,567.648
2024-09-25,556.552,561.048,564.874
2024-09-26,528.374,548.327,556.552
2024-09-27,506.912,517.691,526.622
2024-09-28,465.302,492.251,506.182
2024-09-29,435.226,449.358,463.55
2024-09-30,421.648,425.651,433.912
2024-10-01,410.26,415.686,421.794
2024-10-02,394.346,402.893,410.114
2024-10-03,359.014,384.29,394.2
2024-10-04,322.952,342.066,356.97
2024-10-05,286.452,309.052,322.952
2024-10-06,275.94,279.742,284.992
2024-10-07,276.67,288.624,300.614
2024-10-08,288.204,310.359,334.924
2024-10-09,330.69,342.467,350.984
2024-10-10,285.722,308.72,328.646
2024-10-11,265.574,274.182,283.824
2024-10-12,257.252,261.822,264.698
2024-10-13,245.718,252.288,258.128
2024-10-14,223.526,234.963,242.944
2024-10-15,177.828,201.961,227.906
2024-10-16,93.44,143.098,180.894
2024-10-17,0.0,73.694,142.496
2024-10-18,0.0,4.253,8.176
2024-10-19,0.0,4.337,9.928
2024-10-20,0.0,5.457,10.22
2024-10-21,0.0,5.067,10.074
2024-10-22,0.0,5.773,9.636
2024-10-23,0.0,10.634,17.082
2024-10-24,0.0,9.557,17.812
2024-10-25,0.0,4.496,9.49
2024-10-26,0.0,4.642,9.636
2024-10-27,0.0,4.593,9.49
2024-10-28,0.0,3.924,8.906
2024-10-29,0.0,3.644,9.344
2024-10-30,0.0,4.149,9.636
2024-10-31,0.0,4.143,9.636
2024-11-01,0.0,5.013,10.074
2024-11-02,0.0,5.098,10.22
2024-11-03,0.0,5.469,10.074
2024-11-04,0.0,5.092,10.512
2024-11-05,0.0,4.69,10.366
2024-11-06,0.0,4.477,10.074
2024-11-07,0.0,4.721,9.928
2024-11-08,0.0,4.356,10.22
2024-11-09,0.0,4.325,10.074
2024-11-10,0.0,5.268,10.074
2024-11-11,0.0,4.794,10.658
2024-11-12,0.0,3.729,10.366
2024-11-13,0.0,3.376,9.782
2024-11-14,0.0,3.267,10.074
2024-11-15,0.0,3.346,10.804
2024-11-16,0.0,3.863,10.512
2024-11-17,0.0,4.143,10.804
2024-11-18,0.0,3.948,10.658
2024-11-19,0.0,3.778,11.096
2024-11-20,0.0,4.277,10.95
2024-11-21,0.0,3.979,10.804
2024-11-22,0.0,3.346,10.512
2024-11-23,0.0,2.5,10.22
2024-11-24,0.0,2.664,10.95
2024-11-25,0.0,3.127,10.95
2024-11-26,0.0,3.662,11.242
2024-11-27,0.0,3.778,11.68
2024-11-28,0.0,4.222,11.68
2024-11-29,0.0,3.626,11.096
2024-11-30,0.0,3.589,10.95
2024-12-01,0.0,4.945,11.534
2024-12-02,0.0,4.222,11.388
2024-12-03,0.0,4.228,11.534
2024-12-04,0.0,3.79,11.68
2024-12-05,0.0,4.901,11.826
2024-12-06,0.0,4.769,11.68
2024-12-07,0.0,4.179,11.388
2024-12-08,0.0,4.629,11.388
2024-12-09,0.0,4.167,11.534
2024-12-10,0.0,2.767,10.658
2024-12-11,0.0,2.787,11.096
2024-12-12,0.0,2.361,11.242
2024-12-13,0.0,2.273,11.096
2024-12-14,0.0,2.214,10.95
2024-12-15,0.0,0.0,0.0
2024-12-16,0.0,0.0,0.0
2024-12-17,0.0,0.0,0.0
2024-12-18,0.0,2.336,11.68
2024-12-19,0.0,2.298,10.95
2024-12-20,0.0,1.332,11.096
2024-12-21,0.0,1.873,11.096
2024-12-22,0.0,0.0,0.0
2024-12-23,0.0,0.0,0.0
2024-12-24,0.0,0.0,0.0
2024-12-25,0.0,0.0,0.0
2024-12-26,0.0,0.0,0.0
2024-12-27,0.0,1.314,10.95
2024-12-28,0.0,1.247,10.366
2024-12-29,0.0,0.0,0.0
2024-12-30,0.0,0.0,0.0
2024-12-31,0.0,0.0,0.0
2025-01-01,0.0,0.0,0.0
2025-01-02,0.0,0.0,0.0
2025-01-03,0.0,0.0,0.0
2025-01-04,0.0,0.0,0.0
2025-01-05,0.0,0.0,0.0
2025-01-06,0.0,0.0,0.0
2025-01-07,0.0,0.0,0.0
2025-01-08,0.0,0.0,0.0
2025-01-09,0.0,0.0,0.0
2025-01-10,0.0,0.0,0.0
2025-01-11,0.0,0.0,0.0
2025-01-12,0.0,0.0,0.0
2025-01-13,0.0,0.432,10.366
2025-01-14,0.0,0.0,0.0
2025-01-15,0.0,0.0,0.0
2025-01-16,0.0,0.908,10.804
2025-01-17,0.0,2.652,10.804
2025-01-18,0.0,0.888,11.096
2025-01-19,0.0,3.449,11.242
2025-01-20,0.0,0.0,0.0
2025-01-21,0.0,0.0,0.0
2025-01-22,0.0,0.0,0.0
2025-01-23,0.0,0.0,0.0
2025-01-24,0.0,0.0,0.0
2025-01-25,0.0,0.0,0.0
2025-01-26,0.0,0.0,0.0
2025-01-27,0.0,0.0,0.0
2025-01-28,0.0,0.0,0.0
2025-01-29,0.0,0.0,0.0
2025-01-30,0.0,0.0,0.0
2025-01-31,0.0,0.0,0.0
2025-02-01,0.0,0.0,0.0
2025-02-02,0.0,0.0,0.0
2025-02-03,0.0,0.0,0.0
2025-02-04,0.0,0.0,0.0
2025-02-05,0.0,0.0,0.0
2025-02-06,0.0,0.0,0.0
2025-02-07,0.0,0.0,0.0
2025-02-08,0.0,0.0,0.0
2025-02-09,0.0,0.0,0.0
2025-02-10,0.0,0.0,0.0
2025-02-11,0.0,0.0,0.0
2025-02-12,0.0,0.0,0.0
2025-02-13,0.0,0.0,0.0
2025-02-14,0.0,0.0,0.0
2025-02-15,0.0,0.0,0.0
2025-02-16,0.0,0.0,0.0
2025-02-17,0.0,0.0,0.0
2025-02-18,0.0,0.0,0.0
2025-02-19,0.0,0.0,0.0
2025-02-20,0.0,0.0,0.0
2025-02-21,0.0,0.0,0.0
2025-02-22,0.0,0.0,0.0
2025-02-23,0.0,0.0,0.0
2025-02-24,0.0,0.0,0.0
2025-02-25,0.0,0.0,0.0
2025-02-26,0.0,0.0,0.0
2025-02-27,0.0,0.0,0.0
2025-02-28,0.0,0.0,0.0
2025-03-01,0.0,0.474,11.388
2025-03-02,0.0,0.0,0.0
2025-03-03,0.0,0.0,0.0
2025-03-04,0.0,0.0,0.0
2025-03-05,0.0,0.0,0.0
2025-03-06,0.0,0.0,0.0
2025-03-07,0.0,0.0,0.0
2025-03-08,0.0,1.338,10.95
2025-03-09,0.0,0.0,0.0
2025-03-10,0.0,0.0,0.0
2025-03-11,0.0,0.0,0.0
2025-03-12,0.0,0.0,0.0
2025-03-13,0.0,0.0,0.0
2025-03-14,0.0,0.0,0.0
2025-03-15,0.0,1.898,11.826
2025-03-16,0.0,3.364,11.826
2025-03-17,0.0,2.768,11.388
2025-03-18,0.0,0.0,0.0
2025-03-19,0.0,0.0,0.0
2025-03-20,0.0,0.0,0.0
2025-03-21,0.0,1.849,11.388
2025-03-22,0.0,2.336,11.388
2025-03-23,0.0,3.632,11.972
2025-03-24,0.0,4.769,11.534
2025-03-25,0.0,6.29,11.826
2025-03-26,0.0,4.605,12.118
2025-03-27,0.0,5.846,11.242
2025-03-28,0.0,5.007,11.826
2025-03-29,0.0,4.763,10.658
2025-03-30,0.0,9.806,14.016
2025-03-31,0.0,9.66,19.71
2025-04-01,0.0,6.43,10.658
2025-04-02,0.0,6.205,10.658
2025-04-03,0.0,5.226,10.074
2025-04-04,0.0,5.073,10.366
2025-04-05,0.0,4.757,10.074
2025-04-06,0.0,6.272,11.388
2025-04-07,0.0,5.572,10.95
2025-04-08,0.0,5.311,10.804
2025-04-09,0.0,5.086,10.804
2025-04-10,0.0,6.12,10.95
2025-04-11,0.0,6.886,10.366
2025-04-12,0.0,6.649,11.242
2025-04-13,0.0,6.029,10.804
2025-04-14,0.0,7.288,11.972
2025-04-15,0.0,6.661,11.534
2025-04-16,0.0,6.491,11.096
2025-04-17,0.0,6.254,10.95
2025-04-18,0.0,6.077,10.804
2025-04-19,0.0,5.804,10.658
2025-04-20,0.0,6.394,10.658
2025-04-21,0.0,5.943,10.512
2025-04-22,0.0,5.937,10.804
2025-04-23,0.0,8.316,12.702
2025-04-24,0.0,7.239,12.41
2025-04-25,0.0,8.212,11.242
2025-04-26,0.0,7.659,11.826
2025-04-27,0.0,6.984,10.95
2025-04-28,0.0,6.266,10.95
2025-04-29,0.0,6.339,10.804
2025-04-30,0.0,6.406,10.804
2025-05-01,0.0,6.953,11.096
2025-05-02,0.0,6.765,10.95
2025-05-03,0.0,6.625,10.658
2025-05-04,0.0,6.819,10.804
2025-05-05,0.0,6.819,10.804
2025-05-06,6.424,9.028,10.658
2025-05-07,4.526,8.699,10.22
2025-05-08,10.074,13.292,16.79
2025-05-09,0.0,14.57,20.148
2025-05-10,0.0,6.168,9.782
2025-05-11,0.0,5.597,9.782
2025-05-12,0.0,6.156,9.928
2025-05-13,0.0,6.175,10.074
2025-05-14,0.0,6.187,10.366
2025-05-15,0.0,6.753,10.366
2025-05-16,0.0,6.678,10.512
2025-05-17,6.862,10.603,17.812
2025-05-18,12.118,18.852,32.85
2025-05-19,37.084,74.46,89.936
2025-05-20,72.562,78.694,83.366
2025-05-21,68.474,72.562,76.212
2025-05-22,69.642,79.449,95.484
2025-05-23,71.102,81.736,86.14
2025-05-24,83.074,91.846,103.952
2025-05-25,79.57,95.642,110.084
2025-05-26,70.518,103.112,133.444
2025-05-27,134.904,155.458,161.622
2025-05-28,144.102,148.896,154.614
2025-05-29,146.292,152.643,166.148
2025-05-30,133.152,147.125,165.126
2025-05-31,117.53,124.55,132.714
2025-06-01,115.486,121.661,126.436
2025-06-02,114.026,119.513,123.224
2025-06-03,120.596,130.445,136.072
2025-06-04,118.99,129.015,136.364
2025-06-05,103.66,112.554,118.26
2025-06-06,99.426,107.882,112.274
2025-06-07,100.302,109.676,115.34
2025-06-08,105.412,113.509,118.552
2025-06-09,104.39,111.489,117.384
2025-06-10,103.952,111.015,117.53
2025-06-11,103.076,112.225,119.574
2025-06-12,113.15,121.428,129.648
2025-06-13,129.21,133.328,136.072
2025-06-14,129.94,131.96,133.736
2025-06-15,121.764,159.134,217.978
2025-06-16,219.292,243.406,259.734
2025-06-17,257.69,260.78,262.8
2025-06-18,260.464,264.704,270.83
2025-06-19,260.026,264.236,270.1
2025-06-20,251.85,256.382,260.172
2025-06-21,242.506,247.92,251.85
2025-06-22,245.572,268.549,273.166
2025-06-23,271.706,273.057,274.334
2025-06-24,264.552,267.472,271.852
2025-06-25,257.982,260.61,264.114
2025-06-26,261.048,265.976,269.224
2025-06-27,257.982,261.498,263.822
2025-06-28,248.784,259.016,265.574
2025-06-29,244.112,245.262,248.346
2025-06-30,246.886,250.646,252.288
2025-07-01,240.316,243.26,249.514
2025-07-02,242.36,251.369,259.296
2025-07-03,259.296,264.059,266.596
2025-07-04,247.616,256.427,264.698
2025-07-05,244.842,247.245,248.638
2025-07-06,239.294,243.546,248.054
2025-07-07,238.272,242.847,247.908
2025-07-08,241.776,246.922,249.222
2025-07-09,231.41,236.027,241.63
2025-07-10,232.286,235.608,241.046
2025-07-11,234.184,236.55,239.586
2025-07-12,230.972,234.062,239.294
2025-07-13,227.76,230.838,237.542
2025-07-14,228.928,232.359,240.17
2025-07-15,216.956,223.423,230.242
2025-07-16,218.562,225.503,233.308
2025-07-17,224.694,229.398,237.25
2025-07-18,218.27,225.631,230.242
2025-07-19,211.262,217.059,225.716
2025-07-20,226.154,227.946,230.972
2025-07-21,229.95,230.869,231.994
2025-07-22,229.366,232.834,237.542
2025-07-23,231.848,236.457,243.674
2025-07-24,217.102,229.409,235.936
2025-07-25,213.014,221.658,235.206
2025-07-26,221.336,227.508,238.856
2025-07-27,220.606,239.543,252.58
2025-07-28,248.346,250.884,252.58
2025-07-29,239.44,242.895,247.032
2025-07-30,213.16,227.183,242.068
2025-07-31,209.802,211.079,212.43
2025-08-01,213.014,225.887,236.666
2025-08-02,208.488,229.621,250.39
2025-08-03,251.412,267.229,276.816
2025-08-04,274.334,276.317,277.4
2025-08-05,263.822,270.325,274.042
2025-08-06,246.74,251.905,262.362
2025-08-07,249.806,252.203,254.77
2025-08-08,243.674,247.914,255.354
2025-08-09,256.814,267.18,277.108
2025-08-10,259.588,270.514,274.334
2025-08-11,265.282,270.775,274.626
2025-08-12,206.152,220.144,261.486
2025-08-13,206.298,212.509,228.052
2025-08-14,210.678,225.245,236.666
2025-08-15,222.65,236.033,247.47
2025-08-16,227.76,233.825,237.688
2025-08-17,222.504,235.626,241.776
2025-08-18,220.022,228.557,234.768
2025-08-19,214.766,231.185,243.966
2025-08-20,214.62,231.726,243.528
2025-08-21,235.936,269.455,317.55
2025-08-22,316.382,357.901,377.41
2025-08-23,362.372,370.238,376.388
2025-08-24,353.028,356.155,361.788
2025-08-25,355.218,365.043,374.928
2025-08-26,368.504,375.044,379.162
2025-08-27,350.546,360.06,367.92
2025-08-28,340.618,344.457,349.962
2025-08-29,331.566,335.593,340.18
2025-08-30,324.412,331.166,336.384
2025-08-31,323.682,328.999,333.756
2025-09-01,306.892,316.711,326.018
2025-09-02,291.27,305.128,321.638
2025-09-03,264.698,280.665,295.796
2025-09-04,246.886,262.526,276.67
2025-09-05,242.214,251.923,265.866
2025-09-06,222.796,235.863,251.996
2025-09-07,219.438,229.255,238.71
2025-09-08,216.664,239.908,268.202
2025-09-09,201.626,221.336,239.294
2025-09-10,209.364,232.304,262.216
2025-09-11,255.062,274.62,299.884
2025-09-12,279.882,306.454,321.93
2025-09-13,281.342,313.091,333.902
2025-09-14,277.4,299.262,315.214
2025-09-15,260.026,298.5,321.784
2025-09-16,264.99,293.916,311.418
2025-09-17,260.026,278.039,295.504
2025-09-18,240.17,253.055,263.968
2025-09-19,220.606,232.742,242.506
2025-09-20,198.122,216.19,231.848
2025-09-21,203.232,209.498,214.912
2025-09-22,169.36,186.229,208.78
2025-09-23,175.492,188.297,212.576
2025-09-24,183.96,202.648,221.482
2025-09-25,146.584,173.777,192.136
2025-09-26,125.414,131.443,144.394
2025-09-27,60.298,103.125,161.622
2025-09-28,0.0,41.866,87.016
2025-09-29,0.0,6.837,9.928
2025-09-30,0.0,5.201,9.49
2025-10-01,0.0,5.639,10.658
2025-10-02,0.0,5.761,10.95
2025-10-03,0.0,5.7,10.366
2025-10-04,0.0,6.619,11.388
2025-10-05,0.0,6.779,11.242
2025-10-06,0.0,6.303,12.118
2025-10-07,0.0,5.785,10.804
2025-10-08,0.0,5.28,10.512
2025-10-09,0.0,5.001,10.366
2025-10-10,0.0,5.475,10.074
2025-10-11,0.0,5.895,11.242
2025-10-12,0.0,6.205,11.388
2025-10-13,0.0,5.554,10.804
2025-10-14,0.0,6.89,10.95
2025-10-15,0.0,6.181,11.388
2025-10-16,0.0,5.491,11.096
2025-10-17,0.0,5.463,10.95
2025-10-18,0.0,5.007,10.366
2025-10-19,0.0,4.903,11.242
2025-10-20,0.0,5.098,11.096
2025-10-21,0.0,5.28,10.658
2025-10-22,0.0,4.875,10.95
2025-10-23,0.0,5.913,11.68
2025-10-24,0.0,7.987,11.096
2025-10-25,0.0,5.84,11.826
2025-10-26,0.0,5.773,11.534
2025-10-27,0.0,5.633,11.388
2025-10-28,0.0,5.718,11.68
2025-10-29,0.0,5.876,11.388
2025-10-30,0.0,4.862,11.534
2025-10-31,0.0,6.771,11.534
2025-11-01,0.0,6.327,12.994
2025-11-02,0.0,4.909,11.096
2025-11-03,0.0,5.518,11.534
2025-11-04,0.0,5.764,11.972
2025-11-05,0.0,4.901,11.826
2025-11-06,0.0,9.268,16.06
2025-11-07,0.0,10.056,17.958
2025-11-08,0.0,5.949,11.242
2025-11-09,0.0,5.578,11.242
2025-11-10,0.0,5.067,11.242
2025-11-11,0.0,5.785,11.68
2025-11-12,0.0,5.326,11.242
2025-11-13,0.0,4.132,11.242
2025-11-14,0.0,3.553,9.782
2025-11-15,0.0,4.952,11.242
2025-11-16,0.0,5.201,11.388
2025-11-17,0.0,3.922,11.68
2025-11-18,0.0,2.539,10.512
2025-11-19,0.0,2.9,11.096
2025-11-20,0.0,2.812,11.388
2025-11-21,0.0,4.221,11.242
2025-11-22,0.0,3.072,11.096
2025-11-23,0.0,2.482,10.22
2025-11-24,0.0,0.0,0.0
2025-11-25,0.0,0.0,0.0
2025-11-26,0.0,1.32,10.804
2025-11-27,0.0,3.753,11.972
2025-11-28,0.0,0.45,10.804
2025-11-29,0.0,2.89,11.826
2025-11-30,0.0,3.492,12.556
2025-12-01,0.0,4.076,12.556
2025-12-02,0.0,0.0,0.0
2025-12-03,0.0,2.269,11.388
2025-12-04,0.0,0.0,0.0
2025-12-05,0.0,0.0,0.0
2025-12-06,0.0,4.258,13.724
2025-12-07,0.0,4.202,11.096
2025-12-08,0.0,4.336,11.388
2025-12-09,0.0,3.194,11.242
2025-12-10,0.0,3.151,11.096
2025-12-11,0.0,3.656,11.242
2025-12-12,0.0,4.106,11.242
2025-12-13,0.0,3.224,11.68
2025-12-14,0.0,12.416,18.98
2025-12-15,0.0,10.311,22.484
2025-12-16,0.0,3.699,10.95
2025-12-17,0.0,3.455,10.804
2025-12-18,0.0,3.042,10.804
2025-12-19,0.0,4.97,15.038
2025-12-20,0.0,5.378,14.892
2025-12-21,0.0,4.344,10.95
2025-12-22,0.0,6.217,13.724
2025-12-23,0.0,4.155,11.388
2025-12-24,0.0,3.686,11.388
2025-12-25,0.0,3.151,11.242
2025-12-26,0.0,0.468,11.242
2025-12-27,0.0,2.33,11.534
2025-12-28,0.0,1.916,11.972
2025-12-29,0.0,0.912,11.096
2025-12-30,0.0,0.0,0.0
2025-12-31,0.0,0.0,0.0
2026-01-01,,0.0,
2026-01-02,,0.0,
2026-01-03,,0.0,
2026-01-04,,0.0,
2026-01-05,,0.0,
2026-01-06,,0.0,
2026-01-07,,0.0,
2026-01-08,,8.608,
2026-01-09,,4.563,
2026-01-10,,3.224,
2026-01-11,,1.606,
2026-01-12,,0.827,
2026-01-13,,2.664,
2026-01-14,,0.864,
2026-01-15,,2.823,
2026-01-16,,1.79,
2026-01-17,,0.0,
2026-01-18,,0.0,
2026-01-19,,0.0,
2026-01-20,,0.0,
2026-01-21,,0.0,
2026-01-22,,0.0,
2026-01-23,,0.0,
2026-01-24,,0.0,
2026-01-25,,2.127,
2026-01-26,,4.708,
2026-01-27,,2.658,
2026-01-28,,1.618,
2026-01-29,,0.0,
2026-01-30,,0.0,
2026-01-31,,3.312,
2026-02-01,,4.185,
2026-02-02,,4.183,
2026-02-03,,5.193,
2026-02-04,,5.764,
2026-02-05,,4.266,
2026-02-06,,3.96,
2026-02-07,,2.957,
2026-02-08,,2.999,
2026-02-09,,3.182,
2026-02-10,,3.988,
2026-02-11,,4.508,
2026-02-12,,4.686,
2026-02-13,,3.419,
2026-02-14,,2.987,
2026-02-15,,3.221,
2026-02-16,,2.645,
2026-02-17,,3.289,
2026-02-18,,1.821,
2026-02-19,,1.403,
2026-02-20,,0.0,
2026-02-21,,1.357,
2026-02-22,,1.831,
2026-02-23,,1.387,
2026-02-24,,0.489,
2026-02-25,,1.52,
2026-02-26,,3.618,
2026-02-27,,2.89,
2026-02-28,,3.413,
2026-03-01,,1.898,
2026-03-02,,0.0,
2026-03-03,,3.845,
2026-03-04,,1.825,
2026-03-05,,0.468,
2026-03-06,,1.807,
2026-03-07,,1.436,
2026-03-08,,1.436,
2026-03-09,,0.939,
2026-03-10,,1.375,
2026-03-11,,0.965,
2026-03-12,,1.357,
2026-03-13,,2.391,
2026-03-14,,3.468,
2026-03-15,,0.0,
2026-03-16,,0.0,
2026-03-17,,3.644,
2026-03-18,,4.277,
2026-03-19,,3.443,
2026-03-20,,8.377,
2026-03-21,,9.515,
2026-03-22,,12.337,
2026-03-23,,11.035,
2026-03-24,,5.925,
2026-03-25,,5.7,
2026-03-26,,5.761,
2026-03-27,,5.895,
2026-03-28,,5.58,
2026-03-29,,4.593,
2026-03-30,,0.748,
2026-03-31,,2.932,
2026-04-01,,4.453,
2026-04-02,,5.186,
2026-04-03,,4.818,
2026-04-04,,3.912,
2026-04-05,,5.536,
2026-04-06,,6.838,
2026-04-07,,6.12,
2026-04-08,,6.004,
2026-04-09,,5.956,
2026-04-10,,6.862,
2026-04-11,,7.312,
2026-04-12,,6.406,
2026-04-13,,6.144,
2026-04-14,,6.162,
2026-04-15,,5.808,
2026-04-16,,6.266,
2026-04-17,,7.203,
2026-04-18,,6.57,
2026-04-19,,6.959,
2026-04-20,,11.041,
2026-04-21,,8.602,
2026-04-22,,7.586,
2026-04-23,,7.604,
2026-04-24,,7.768,
2026-04-25,,8.06,
2026-04-26,,7.774,
2026-04-27,,7.227,
2026-04-28,,8.809,
2026-04-29,,6.564,
2026-04-30,,6.625,
2026-05-01,,7.16,
2026-05-02,,6.868,
2026-05-03,,6.722,
2026-05-04,,6.041,
2026-05-05,,6.278,
2026-05-06,,9.606,
2026-05-07,,8.93,
2026-05-08,,8.565,
2026-05-09,,8.097,
2026-05-10,,6.643,
2026-05-11,,6.746,
2026-05-12,,6.911,
2026-05-13,,6.978,
2026-05-14,,6.333,
2026-05-15,,10.19,
2026-05-16,,10.299,
2026-05-17,,7.951,
2026-05-18,,7.768,
2026-05-19,,7.476,
2026-05-20,,7.385,
2026-05-21,,7.397,
2026-05-22,,7.191,
2026-05-23,,7.063,
2026-05-24,,8.352,
2026-05-25,,7.495,
2026-05-26,,6.643,
2026-05-27,,7.032,
2026-05-28,,6.637,
2026-05-29,,7.166,
2026-05-30,,6.935,
2026-05-31,,6.594,
2026-06-01,,6.321,
2026-06-02,,6.412,
2026-06-03,,6.728,
2026-06-04,,7.063,
2026-06-05,,7.896,
2026-06-06,,8.912,
2026-06-07,,8.906,
2026-06-08,,8.018,
2026-06-09,,9.618,
2026-06-10,,38.66,
2026-06-11,,57.901,
2026-06-12,,56.283,
2026-06-13,,55.145,
2026-06-14,,57.67,
2026-06-15,,63.638,
2026-06-16,,49.573,
2026-06-17,,49.567,
2026-06-18,,47.663,
2026-06-19,,52.0,
2026-06-20,,48.387,
2026-06-21,,48.454,
2026-06-22,,50.577,
2026-06-23,,48.508,
2026-06-24,,43.234,
2026-06-25,,47.748,
2026-06-26,,45.765,
2026-06-27,,44.798,
2026-06-28,,44.427,
2026-06-29,,40.679,
2026-06-30,,42.267,
2026-07-01,,40.199,
2026-07-02,,41.786,
2026-07-03,,43.405,
2026-07-04,,43.733,
2026-07-05,,42.194,
2026-07-06,,41.397,
2026-07-07,,38.799,
2026-07-08,,36.695,
2026-07-09,,34.766,
2026-07-10,,41.835,
2026-07-11,,53.393,
2026-07-12,,54.628,
2026-07-13,,56.192,
2026-07-14,,56.247,
2026-07-15,,58.904,
2026-07-16,,90.842,
2026-07-17,,243.942,
2026-07-18,,440.068,
2026-07-19,,471.848,
2026-07-20,,536.751,
2026-07-21,,588.374,
2026-07-22,,605.194,
2026-07-23,,644.024,
2026-07-24,,670.085,
2026-07-25,,764.273,
2026-07-26,,800.116,
2026-07-27,,810.497,
2026-07-28,,822.406,
2026-07-29,,849.367,
2026-07-30,,857.981,
2026-07-31,,857.276,
2026-08-01,,902.785,
2026-08-02,,971.222,
2026-08-03,,994.376,
2026-08-04,,991.589,
2026-08-05,,988.219,
2026-08-06,,1029.02,
2026-08-07,,1035.625,
2026-08-08,,1017.893,
2026-08-09,,973.498,
2026-08-10,,964.537,
2026-08-11,,980.341,
2026-08-12,,1004.862,
2026-08-13,,1017.937,
2026-08-14,,1035.718,
2026-08-15,,1064.317,
2026-08-16,,1086.908,
2026-08-17,,1094.307,
2026-08-18,,1093.783,
2026-08-19,,1092.72,
2026-08-20,,1094.179,
2026-08-21,,1096.491,
2026-08-22,,1100.975,
2026-08-23,,1106.808,
2026-08-24,,1110.317,
2026-08-25,,1172.307,
2026-08-26,,1170.47,
2026-08-27,,1191.341,
2026-08-28,,,
2026-08-29,,,
2026-08-30,,,
2026-08-31,,,
